areaName,unitPrice,rooms,halls,floors,houseStruct,floorArea,directions,decoration,elevaPropora,isElevator,yearProperty,totalPrice
鼓楼,39805,3,1,2,1,75.87,1,3,2,0,70,302
玄武,28835,2,1,2,1,72.83,0,3,2,0,70,210
玄武,28167,2,1,1,1,64.97,0,3,2,0,70,183
鼓楼,68574,2,1,1,1,51.04,0,3,3,0,70,350
秦淮,32763,2,1,3,1,72.95,0,3,3,0,70,239
江宁,36881,3,2,3,1,85.41,0,3,2.5,1,70,315
玄武,26510,3,2,3,1,111.28,1,3,2,1,70,295
建邺,62648,3,1,3,1,126.9,1,3,1,1,70,795
江宁,21896,3,2,2,1,116.46,0,3,3,1,70,255
浦口,23029,2,2,2,1,74.69,1,3,2,0,70,172
江宁,24815,3,2,3,1,128.15,0,3,4,1,70,318
江宁,21076,3,2,3,1,116.25,0,2,3,1,70,245
玄武,30554,2,2,2,1,78.55,0,3,2,0,70,240
雨花台,32445,2,1,3,2,70.89,0,3,100,1,70,230
鼓楼,34989,1,1,1,1,42.3,0,3,3,0,70,148
鼓楼,44066,2,1,2,1,53.33,0,2,2,0,70,235
鼓楼,76414,2,1,3,1,67.92,0,2,4,1,70,519
建邺,35010,5,2,3,暂无数据,188.52,0,3,2,0,70,660
江宁,22521,3,2,3,1,122.11,0,2,2,0,70,275
鼓楼,45010,3,1,1,1,66.43,1,2,2,0,70,299
江宁,19679,3,2,2,1,141.78,1,3,2,0,70,279
浦口,22619,3,2,3,1,79.14,0,2,2,1,70,179
浦口,25589,3,2,1,1,121.15,0,3,1.5,1,70,310
鼓楼,31957,2,1,2,1,67.28,1,3,3,1,70,215
江宁,36247,3,2,1,1,85.25,0,3,2.5,1,70,309
浦口,22658,2,1,1,暂无数据,68.41,0,3,3,1,70,155
江宁,19879,3,2,1,1,105.14,0,1,2,0,70,209
浦口,23159,3,1,3,1,90.68,0,2,2,0,70,210
雨花台,30595,2,2,3,1,76.81,0,3,4,0,70,235
江宁,19519,3,2,1,1,137.82,0,3,2,0,70,269
雨花台,38898,2,1,1,1,77.64,1,3,1.5,1,70,302
秦淮,21545,2,1,2,暂无数据,85.87,0,1,3.5,1,70,185
江宁,31292,2,1,2,2,52.09,0,2,15,1,70,163
鼓楼,31937,2,1,2,1,58.24,0,3,3,0,70,186
浦口,28916,2,2,1,暂无数据,78.85,1,2,1.5,1,70,228
秦淮,36552,3,2,2,1,72.5,0,2,2,0,70,265
秦淮,29105,2,1,2,1,67,1,2,5,0,70,195
江宁,30531,2,2,2,1,76.58,1,3,50,1,70,233.8
玄武,31834,1,1,3,1,47.12,0,3,25,1,70,150
浦口,24894,2,1,3,1,63.47,0,2,2,0,70,158
江宁,29008,2,1,2,1,84.46,1,2,2,0,70,245
江宁,37083,3,1,3,1,113.8,0,3,2,1,70,422
建邺,43475,3,2,1,1,118.46,0,3,1.5,1,70,515
建邺,61083,2,2,2,暂无数据,48.95,0,3,4.5,1,70,299
秦淮,27850,2,1,3,1,50.27,0,2,2,0,70,140
浦口,21184,3,2,3,1,105.27,1,3,2,0,70,223
江宁,16578,3,2,2,1,86.26,0,1,2,1,70,143
栖霞,20570,3,1,3,1,89.94,0,2,1.5,1,70,185
江宁,25690,4,2,1,1,117.56,0,3,2,1,70,302
浦口,24264,3,2,2,1,84.49,0,3,2,0,70,205
鼓楼,33440,2,2,2,1,122.61,1,2,2,1,70,410
雨花台,28652,2,1,3,1,53.4,1,2,2,0,70,153
建邺,59689,2,2,2,1,93.82,0,3,2,1,70,560
栖霞,25611,2,1,2,1,58.57,1,2,3,0,70,150
浦口,22966,2,2,1,1,75.33,0,3,2,0,70,173
浦口,21064,2,2,1,1,75.96,1,2,2,1,70,160
江宁,29741,2,1,2,1,98.52,0,1,2,1,70,293
鼓楼,33173,2,1,2,1,57.88,0,3,2,0,70,192
江宁,30067,2,1,2,1,67.85,1,3,2,1,70,204
秦淮,31057,2,1,2,1,58.28,1,2,2,0,70,181
江宁,43532,3,2,3,1,129.79,1,3,1,1,70,565
建邺,28732,2,1,2,1,58.82,1,2,2,0,70,169
建邺,44830,2,2,3,1,84.32,0,3,2,1,70,378
江宁,31909,3,2,1,1,119.09,1,3,2,1,70,380
鼓楼,40772,2,1,2,1,63.77,1,3,5,1,70,260
玄武,26413,3,2,1,1,87.08,0,3,3,1,70,230
建邺,34655,2,2,1,1,74.45,0,2,2,0,70,258
秦淮,31107,2,1,2,1,65.26,1,3,2,0,70,203
秦淮,46344,3,1,2,1,59.34,0,3,2,0,70,275
浦口,19334,2,2,3,1,75,1,3,2,1,70,145
浦口,22866,2,2,3,1,85.28,1,3,2,1,70,195
浦口,24467,3,2,3,1,114.4,0,2,2,1,70,279.9
江宁,30705,4,2,2,1,133.53,0,3,1.5,1,70,410
雨花台,25810,2,1,3,1,50.37,1,2,2,0,70,130
浦口,24160,3,2,1,1,125,1,3,1.333333333,1,70,302
秦淮,67023,2,1,3,1,33.69,0,2,3,0,70,225.8
玄武,30877,2,1,3,1,66.07,0,2,3,1,70,204
秦淮,65335,2,1,3,1,37.04,1,3,3,0,70,242
江宁,19940,2,1,2,1,69.46,1,3,50,1,70,138.5
浦口,22074,2,2,2,1,94.23,1,3,1.5,1,70,208
玄武,29370,2,1,2,1,48.69,0,3,3,0,70,143
江宁,27291,2,2,3,暂无数据,86.11,0,3,2,0,70,235
江宁,34467,2,1,3,1,65.28,0,2,1.5,1,70,225
鼓楼,40163,2,1,2,1,54.28,0,3,3,0,70,218
雨花台,46995,2,2,2,1,91.5,0,3,2,1,70,430
江宁,23229,3,2,3,1,109.78,0,3,2,0,70,255
雨花台,32759,1,1,2,1,58,0,3,25,1,70,190
建邺,28637,2,1,3,1,48.19,0,2,2,0,70,138
浦口,20500,4,2,2,暂无数据,138.54,1,1,2,1,70,284
鼓楼,28794,2,1,2,1,58,0,3,2,0,70,167
雨花台,52306,2,2,2,2,48.37,0,3,50,1,70,253
雨花台,38883,3,1,1,1,123.45,0,3,1.5,1,70,480
秦淮,68486,1,1,1,3,37.38,0,3,10,1,70,256
玄武,26688,2,1,2,1,58.08,1,2,2,0,70,155
建邺,59578,3,2,2,1,122.53,0,3,2,1,70,730
玄武,24838,2,1,3,1,64.42,0,2,2,0,70,160
浦口,21658,3,2,2,1,119.13,1,3,2,0,70,258
江宁,27932,2,1,1,暂无数据,75.9,1,3,4,1,70,212
建邺,34794,3,1,1,1,114.39,0,3,2,1,70,398
江宁,16887,3,2,1,暂无数据,100.67,0,其他,2,0,70,170
建邺,56558,2,1,1,1,94.24,0,2,1.5,1,70,533
秦淮,37822,2,1,3,1,46.27,0,2,5,0,70,175
鼓楼,26480,2,2,2,1,64.2,0,2,3,0,70,170
溧水,11169,2,2,3,1,77,1,1,2,1,70,86
鼓楼,33209,1,1,1,1,40.05,1,2,3,0,70,133
秦淮,36022,1,1,3,3,49.97,0,3,50,1,70,180
秦淮,27121,1,1,2,1,40.56,0,1,2,0,70,110
江宁,29317,1,1,2,1,58.67,0,3,4,1,70,172
雨花台,24442,1,1,3,1,52.37,1,2,100,1,70,128
秦淮,27625,2,1,3,1,50.68,0,2,2,0,70,140
浦口,27547,2,2,1,1,81.68,0,3,3,1,70,225
栖霞,36599,4,2,3,1,128.42,0,3,2,1,70,470
江宁,31282,2,2,3,1,79.28,0,2,2,1,70,248
栖霞,26226,2,1,1,1,54.45,1,2,2,0,70,142.8
江宁,29423,3,2,2,暂无数据,105.02,0,2,2,1,70,309
鼓楼,27107,2,1,2,1,92.23,1,3,2,1,70,250
秦淮,65282,1,1,2,1,33.7,1,2,6,0,70,220
江宁,23973,2,2,3,1,81.97,1,3,2,0,70,196.5
江宁,27223,2,2,3,暂无数据,48.49,1,3,14.66666667,1,70,132
秦淮,36635,2,2,2,1,79.16,0,2,3,0,70,290
鼓楼,42154,2,1,2,1,61.68,0,2,3,0,70,260
江宁,26643,4,2,3,1,137,1,1,1,1,70,365
浦口,23742,3,2,1,1,73.71,0,3,2,1,70,175
江宁,26243,2,1,2,1,78.5,1,2,1.5,1,70,206
江宁,28880,2,2,1,1,90.03,1,3,4,1,70,260
江宁,28176,1,1,3,1,46.14,0,3,20,1,70,130
江宁,25621,2,2,2,1,88.99,0,2,2,0,70,228
建邺,39473,3,2,3,1,134.27,0,2,2,1,70,530
江宁,30289,2,2,1,1,81.22,1,3,2,1,70,246
浦口,27760,3,2,1,1,90.78,1,3,1,1,70,252
鼓楼,61231,2,1,2,1,63.53,0,2,2,1,70,389
江宁,31705,1,1,1,1,50.15,1,3,3,0,70,159
鼓楼,30172,3,1,3,1,64.63,0,1,3,0,70,195
鼓楼,43236,2,1,1,1,60.83,0,2,2,0,70,263
江宁,29904,3,2,2,暂无数据,138.78,0,2,1,1,70,415
秦淮,25381,3,1,3,1,57.13,0,3,4,1,70,145
浦口,35835,4,2,3,1,142.32,0,3,1.5,1,70,510
玄武,29817,3,1,3,1,69.76,0,2,2,0,70,208
浦口,23630,3,2,2,1,79.14,0,3,2,1,70,187
江宁,24696,1,2,2,1,61.55,1,1,3,0,70,152
秦淮,23826,2,1,3,1,74.71,0,2,5,1,70,178
浦口,26899,2,2,2,1,88.48,0,2,1.5,1,70,238
鼓楼,32700,2,1,2,1,67.28,0,3,3,1,70,220
鼓楼,34609,2,1,2,1,63.28,0,3,7,0,70,219
秦淮,39165,3,1,3,1,57.45,1,1,3,0,70,225
鼓楼,82076,2,2,2,1,72.86,1,3,2,0,70,598
鼓楼,25851,2,1,3,1,53.77,1,2,3,0,70,139
秦淮,59145,2,1,2,1,43.96,0,3,2,0,70,260
雨花台,37466,2,2,2,1,78.74,1,3,1.5,1,70,295
鼓楼,29738,3,1,2,1,65.91,0,3,2,0,70,196
浦口,26564,2,2,1,1,82.82,1,3,1.5,1,70,220
秦淮,36652,3,1,2,1,92.22,0,3,4,1,70,338
建邺,57816,2,1,1,1,96.86,1,3,1.5,1,70,560
江宁,24894,3,2,2,1,98.42,0,3,2,1,70,245
浦口,24983,3,2,3,暂无数据,116,0,3,2,1,70,289.8
秦淮,33261,2,1,3,1,50.21,0,2,2,0,70,167
雨花台,28958,1,1,3,1,51.8,1,2,100,1,70,150
鼓楼,57645,3,1,1,1,79.8,0,3,2,0,70,460
江宁,28029,2,2,1,1,88.48,1,3,2,1,70,248
江宁,27111,1,1,2,1,38.73,0,3,2,1,70,105
雨花台,26862,2,1,3,1,55.47,0,2,2,0,70,149
浦口,23233,2,2,1,1,80.92,0,3,2,0,70,188
鼓楼,29670,3,1,2,1,70.78,0,2,2,0,70,210
江宁,24286,2,2,2,1,77,1,3,2,0,70,187
江宁,20259,3,2,2,1,88.85,0,3,2,0,70,180
秦淮,28563,2,1,3,1,63.37,1,3,2,0,70,181
雨花台,28327,2,1,2,1,50.13,0,2,3,0,70,142
江宁,20452,1,1,2,1,56.23,0,2,70,1,70,115
秦淮,39349,3,2,3,1,91.49,1,3,4,暂无数据,70,360
江宁,29472,2,2,1,1,68.54,0,3,2,0,70,202
建邺,31109,2,1,2,1,50.79,0,3,3,0,70,158
浦口,29107,3,1,3,1,111.66,0,3,1.5,1,70,325
江宁,37996,3,2,2,1,90.8,0,3,2,1,70,345
栖霞,26551,3,1,3,1,85.12,1,2,2,0,70,226
秦淮,25815,3,1,3,2,81.35,0,2,2,0,70,210
六合,13008,2,1,2,1,69.19,0,3,2,暂无数据,70,90
栖霞,30212,2,2,3,1,86.06,0,2,3,1,70,260
六合,13526,3,2,1,暂无数据,114.6,0,3,1,1,70,155
玄武,72100,1,0,1,1,33.01,0,2,2,0,70,238
栖霞,32475,3,2,2,1,97,1,3,2,1,70,315
浦口,27551,3,2,3,1,116.15,1,3,1.333333333,1,70,320
江宁,30495,3,2,3,1,86.9,0,3,2,0,70,265
秦淮,34958,1,1,2,1,44.34,0,3,50,1,70,155
秦淮,23740,3,2,3,2,91.83,0,2,2,0,70,218
鼓楼,26506,2,1,3,1,69.42,0,2,3,1,70,184
雨花台,35143,1,1,3,1,58.05,1,2,4,1,70,204
江宁,31403,2,2,2,1,85.98,1,3,2.5,1,70,270
浦口,22614,2,2,3,1,73.85,1,3,3,1,70,167
雨花台,25544,2,2,3,1,84.17,1,3,2,1,70,215
玄武,32489,3,1,2,1,63.1,0,2,2,0,70,205
江宁,37063,3,2,2,1,87.69,1,3,2,1,70,325
秦淮,28631,2,1,2,1,67.41,0,3,2,0,70,193
雨花台,33454,2,2,1,1,91.17,1,3,2,1,70,305
鼓楼,31006,1,1,3,1,57.41,0,3,4.333333333,1,70,178
秦淮,42748,3,2,1,1,105.27,1,3,4,暂无数据,70,450
江宁,28073,1,1,1,1,37.76,0,3,14.66666667,1,70,106
江宁,22700,1,1,1,1,49.34,1,3,7.75,1,70,112
建邺,34964,3,1,3,3,78.94,1,2,2,0,70,276
江宁,27803,2,2,1,1,90.28,1,3,2,0,70,251
江宁,28356,2,2,2,1,89.93,0,3,2,1,70,255
秦淮,43151,3,1,2,1,76.94,0,3,2,暂无数据,70,332
栖霞,25324,2,1,1,1,57.26,0,2,2,0,70,145
江宁,24785,2,1,2,1,92.8,0,2,1.5,1,70,230
江宁,22888,2,1,3,1,58.11,0,2,18.5,1,70,133
鼓楼,66213,2,1,3,1,51.35,0,2,3,0,70,340
栖霞,34168,2,1,2,1,88.68,0,2,1,1,70,303
江宁,37156,3,2,1,1,109.27,0,3,2,1,70,406
江宁,21518,2,1,3,1,76.68,0,3,2,1,70,165
浦口,28119,3,2,3,1,94.6,1,3,1.333333333,1,70,266
江宁,18410,3,2,3,1,118.96,0,2,2,1,70,219
江宁,39598,3,2,3,1,112.38,0,3,2,1,70,445
江宁,22232,4,2,3,1,125.05,1,3,2,1,70,278
江宁,19158,3,2,1,1,87.17,0,3,2,1,70,167
浦口,21643,3,2,1,1,99.34,0,2,2,0,70,215
浦口,21825,3,2,2,1,109.97,0,2,1.5,1,70,240
江宁,28944,2,2,2,1,76.01,1,3,4,1,70,220
建邺,37793,2,1,1,1,92.61,0,3,2,1,70,350
建邺,36302,2,1,3,1,76.03,0,2,2,0,70,276
江宁,30883,2,1,2,1,68,1,3,2,1,70,210
鼓楼,37182,2,2,3,1,84.72,0,3,2,1,70,315
鼓楼,40371,2,1,3,1,73.32,1,2,2,0,70,296
雨花台,39719,3,2,1,1,140.49,1,3,2,1,70,558
江宁,28150,2,2,2,1,85.26,0,3,20,1,70,240
雨花台,22144,3,2,3,1,92.58,0,2,3,1,70,205
江宁,27368,1,1,1,1,50.06,0,2,4,1,70,137
溧水,13484,3,2,3,1,117.18,0,3,4,暂无数据,70,158
栖霞,31730,2,1,2,1,86.67,0,1,2,1,70,275
浦口,23571,2,2,2,1,79.76,0,3,2,0,70,188
江宁,23807,2,2,1,1,78.97,1,1,1,1,70,188
秦淮,46026,2,1,2,1,68.44,1,2,2,0,70,315
雨花台,24854,2,1,2,1,73.63,1,3,2,0,70,183
鼓楼,31068,2,2,2,1,77.25,0,2,2,0,70,240
浦口,21890,3,2,1,1,98.22,1,1,2.5,1,70,215
秦淮,51275,3,1,2,暂无数据,63.97,0,2,2,1,70,328
江宁,29724,2,1,3,1,67.96,0,3,2,0,70,202
江宁,27956,2,1,1,1,85.85,1,1,1.5,1,70,240
江宁,41031,3,2,2,1,97,0,3,2.5,1,70,398
鼓楼,56769,1,1,2,1,45.8,0,2,4,0,70,260
江宁,30415,2,1,2,2,62.47,0,3,15,1,70,190
江宁,35531,2,2,3,1,74.02,1,3,2.5,1,70,263
江宁,32120,2,1,1,1,53.55,1,2,4,1,70,172
江宁,29890,3,2,1,1,139.85,0,3,2,1,70,418
江宁,41409,3,2,1,1,84.04,1,3,2,1,70,348
江宁,22114,2,2,2,1,77.78,1,1,2,1,70,172
雨花台,41935,3,2,2,1,132.35,0,3,2,1,70,555
玄武,30233,3,1,1,1,68.8,0,2,2,0,70,208
浦口,24289,2,1,2,暂无数据,69.58,1,3,2,1,70,169
玄武,33777,3,2,3,1,88.82,0,2,2,1,70,300
江宁,27190,3,2,1,1,113.28,0,1,2,1,70,308
浦口,23120,3,2,2,1,88.67,0,1,2,1,70,205
浦口,26156,3,2,2,1,93.67,1,其他,2,1,70,245
江宁,28972,3,2,1,1,126.33,1,3,1.5,1,70,366
浦口,25099,3,2,1,1,121.52,0,2,1.5,1,70,305
六合,12616,3,1,3,1,91.95,0,3,1.5,1,70,116
鼓楼,24106,3,1,2,1,64.3,0,2,2,0,70,155
鼓楼,68614,2,1,2,1,56.84,0,2,2,0,70,390
雨花台,32263,2,1,1,2,68.5,1,3,100,1,70,221
雨花台,41940,3,2,2,1,119.22,1,3,1,1,70,500
江宁,20391,2,1,2,1,69.64,0,3,50,1,70,142
雨花台,41410,3,2,1,1,123.16,0,2,2,1,70,510
玄武,29504,2,1,2,1,54.23,1,3,2,0,70,160
江宁,12308,2,1,3,1,65,0,3,2,0,70,80
玄武,24505,2,1,2,1,55.5,0,2,2,0,70,136
秦淮,28872,1,1,2,1,41.91,0,2,3,0,70,121
浦口,24231,2,2,1,1,78.33,0,3,2,1,70,189.8
雨花台,30062,3,1,2,1,71.52,1,2,2,0,70,215
雨花台,36121,2,1,2,2,49.28,1,3,10.16666667,1,70,178
秦淮,39248,3,1,2,1,93,1,3,4,暂无数据,70,365
玄武,29603,3,2,1,1,104.72,0,3,2,1,70,310
鼓楼,37698,2,1,1,1,54.38,0,2,3,0,70,205
栖霞,32289,2,2,2,1,83.62,0,3,2,0,70,270
江宁,22329,2,2,1,错层,95.84,0,3,2,0,70,214
玄武,23760,3,1,3,1,75.76,0,3,2,0,70,180
江宁,31664,2,2,1,1,111.17,0,3,2,1,70,352
江宁,28903,2,1,2,1,78.54,0,3,8,0,70,227
建邺,71672,1,1,3,暂无数据,55.81,1,3,3,1,70,400
栖霞,22324,3,1,2,1,83.77,0,其他,2,0,70,187
秦淮,29119,2,2,2,1,85.17,0,2,2,1,70,248
浦口,21213,2,1,3,1,120.21,0,3,1,1,70,255
江宁,27907,1,2,2,1,58.41,0,2,2,0,70,163
鼓楼,27172,2,1,2,1,93.85,0,3,2,1,70,255
江宁,34239,3,1,3,2,83.24,1,2,2,1,70,285
玄武,35115,2,1,1,1,79.17,0,3,3,1,70,278
鼓楼,35558,2,1,1,1,47.81,0,2,2,0,70,170
江宁,31340,2,1,3,1,76.58,1,3,50,1,70,240
雨花台,30264,2,2,2,1,91.2,1,3,1.5,1,70,276
江宁,21943,3,2,3,1,107.1,0,3,2,0,70,235
江宁,17262,3,2,3,1,84,0,3,6,1,70,145
栖霞,35727,3,2,3,1,87.33,0,3,1,1,70,312
玄武,26066,2,1,1,1,52.56,0,2,3,0,70,137
浦口,22033,3,2,2,1,126.63,0,2,1.5,1,70,279
江宁,18355,2,2,2,1,79,1,1,4,1,70,145
栖霞,25597,3,1,2,1,86.34,1,1,4,暂无数据,70,221
鼓楼,32014,2,1,2,1,59.35,0,3,3,0,70,190
浦口,26659,2,2,1,暂无数据,86.65,0,3,2,1,70,231
鼓楼,29087,1,1,2,1,38.85,1,1,3,0,70,113
建邺,41852,3,2,1,1,121.86,0,3,1.5,1,70,510
江宁,35401,3,2,3,1,88.7,1,3,2,1,70,314
江宁,19690,2,1,3,1,65.01,1,3,3,1,70,128
鼓楼,79522,2,1,1,1,66.02,0,2,4,1,70,525
建邺,35144,2,2,1,暂无数据,88.21,0,3,2,0,70,310
江宁,26977,3,2,3,1,90.82,1,3,2,1,70,245
秦淮,48139,2,1,2,1,57.75,0,2,5,1,70,278
浦口,21414,3,2,2,1,92,0,3,2,1,70,197
江宁,21936,4,2,2,1,125.37,0,2,2,0,70,275
秦淮,38014,3,1,3,1,67.87,1,3,2,0,70,258
浦口,23938,3,1,2,1,87.73,1,2,2,1,70,210
江宁,16236,2,1,1,1,85,0,1,4,1,70,138
建邺,40864,3,2,3,1,119.91,0,2,2,1,70,490
秦淮,27151,2,1,3,暂无数据,65.56,0,3,2,0,70,178
秦淮,39146,3,1,3,暂无数据,64.63,0,3,2,0,70,253
江宁,27841,3,2,1,1,88,1,3,6,0,70,245
秦淮,41874,3,1,3,1,64.48,0,2,3,0,70,270
秦淮,25448,1,1,1,1,53.05,0,2,17,1,70,135
江宁,24753,2,2,3,1,84.84,0,3,2,1,70,210
鼓楼,42459,3,2,1,1,155.21,0,3,1.5,1,70,659
浦口,21094,2,2,1,1,89.6,0,3,2,0,70,189
建邺,47941,3,2,3,1,121.4,1,1,2,1,70,582
栖霞,34525,3,2,2,1,90.37,1,3,2,1,70,312
江宁,26438,2,2,3,1,80.19,0,3,4,暂无数据,70,212
秦淮,29368,2,1,2,1,59.59,1,2,2,0,70,175
溧水,11539,2,2,3,1,91,1,3,2,0,70,105
江宁,27846,1,1,1,1,49.56,0,2,4,0,70,138
江宁,17185,3,2,2,1,96.6,0,3,4,1,70,166
江宁,20300,3,2,3,2,100.99,1,3,2,0,70,205
建邺,33292,3,2,2,1,79.6,0,3,2,0,70,265
江宁,26999,3,2,2,错层,105.93,0,3,2,0,70,286
江宁,22485,5,2,3,暂无数据,189.46,1,3,4,1,70,426
鼓楼,27865,5,2,2,2,114.84,0,3,2,0,70,320
江宁,48640,4,2,1,3,105.88,0,3,2,1,70,515
江宁,25060,3,2,3,1,105.75,0,3,1.5,1,70,265
江宁,21624,4,1,1,1,86.48,0,3,1,1,70,187
建邺,38930,4,1,3,3,82.2,0,3,8,0,70,320
江宁,32777,2,1,2,1,60.41,1,3,2,0,70,198
栖霞,25248,2,1,1,1,62.58,0,3,4,0,70,158
江宁,23711,4,2,2,1,139.18,0,2,2,1,70,330
秦淮,30835,2,1,2,1,49.62,0,2,2,0,70,153
秦淮,30601,1,1,2,1,41.83,0,2,2,0,70,128
江宁,22548,2,2,2,1,88.7,1,3,2,暂无数据,70,200
江宁,30463,2,2,1,1,91.26,0,3,2,1,70,278
江宁,21283,3,1,2,1,78,0,3,2,暂无数据,70,166
浦口,19425,3,2,1,1,113.26,0,3,2,0,70,220
江宁,25077,2,1,2,1,65,0,2,2,0,70,163
浦口,20273,2,2,2,暂无数据,90.27,0,2,2,0,70,183
秦淮,27680,2,1,2,1,53.47,0,2,2,0,70,148
江宁,26040,3,1,3,暂无数据,99.85,0,3,2,1,70,260
秦淮,36882,1,0,2,1,35.79,0,其他,50,1,70,132
浦口,26992,2,2,1,1,83.36,1,2,3,1,70,225
秦淮,40835,1,1,2,1,44.08,0,3,4,0,70,180
建邺,55139,3,2,3,1,102.47,0,2,1,1,70,565
江宁,20855,3,2,3,1,78.64,1,3,2,1,70,164
浦口,18430,3,2,3,1,131.31,1,3,2,1,70,242
建邺,60450,3,2,2,1,115.8,0,3,3,1,70,700
江宁,28689,3,2,2,暂无数据,127.23,1,3,2,0,70,365
江宁,16932,2,1,2,1,66.15,0,2,2,0,70,112
秦淮,30322,2,1,2,1,50.13,1,2,2,0,70,152
江宁,30747,2,2,3,3,68.3,0,2,2,0,70,210
鼓楼,44529,3,2,3,1,148.22,0,3,2,1,70,660
秦淮,35493,2,1,3,1,53.25,0,2,50,1,70,189
江宁,20484,2,2,3,1,70.79,0,3,2,1,70,145
江宁,21435,3,1,1,1,86.31,0,3,6,1,70,185
浦口,27394,4,1,3,2,114.99,0,3,2,1,70,315
秦淮,27710,3,1,2,1,64.96,0,2,2,0,70,180
玄武,34073,3,1,2,1,63.1,0,3,2,0,70,215
六合,14266,2,2,2,暂无数据,89.73,1,1,3,1,70,128
浦口,27075,3,2,3,1,91.6,1,其他,2,1,70,248
江宁,25865,3,2,1,暂无数据,123.72,0,3,2,0,70,320
江宁,28795,4,2,2,1,142.39,1,2,4,1,70,410
鼓楼,45138,4,2,3,1,83.08,1,3,2,1,70,375
六合,12038,3,2,1,暂无数据,101.35,0,1,4,1,70,122
浦口,23713,3,2,2,1,88.56,0,3,2,1,70,210
玄武,30342,3,1,3,1,85.69,0,1,2,0,70,260
秦淮,36717,3,2,2,1,114.39,0,3,2,0,70,420
建邺,30441,3,1,2,1,61.76,0,2,2,0,70,188
鼓楼,29836,1,1,2,1,57.65,0,3,4.333333333,1,70,172
江宁,25057,3,2,1,1,100.97,0,3,1.5,1,70,253
浦口,21787,3,2,3,1,114.29,0,2,2,1,70,249
江宁,26877,3,2,2,1,141.39,0,3,4,1,70,380
江宁,11268,2,2,2,暂无数据,99.4,0,1,2,0,70,112
雨花台,41978,4,2,2,1,134.12,0,3,2,1,70,563
浦口,22956,2,2,2,1,91.48,0,3,2,1,70,210
浦口,25728,2,2,2,1,89.4,1,3,2,1,70,230
秦淮,35132,2,1,2,1,76.57,0,2,2,0,70,269
玄武,79473,1,1,3,1,29.57,0,3,100,暂无数据,70,235
浦口,26960,3,2,1,1,92.36,0,2,1.5,1,70,249
浦口,20466,3,2,3,1,95.28,0,2,1,1,70,195
江宁,27051,3,1,1,1,90.94,1,3,2,1,70,246
江宁,17630,2,2,1,1,73.74,0,3,9,1,70,130
浦口,23152,2,2,3,1,79.91,1,其他,2,0,70,185
江宁,24142,2,2,1,1,106.87,1,2,4,1,70,258
江宁,21988,3,2,3,1,108.7,0,3,2,0,70,239
栖霞,37740,3,2,1,1,105.99,0,3,2,1,70,400
鼓楼,34897,2,1,2,1,56.74,0,3,2,0,70,198
秦淮,36221,2,1,2,1,63.5,1,2,4,0,70,230
秦淮,54020,3,1,2,1,71.27,1,2,2,0,70,385
浦口,22328,3,2,2,1,118.69,0,3,2,1,70,265
秦淮,33388,2,1,1,1,49.42,0,3,2,0,70,165
雨花台,44794,2,1,2,1,77.02,0,3,2,1,70,345
江宁,32782,3,2,3,1,91.21,0,3,1,1,70,299
江宁,17594,3,2,3,1,84.12,1,3,6,1,70,148
秦淮,46440,3,1,2,1,116.28,0,2,2,1,70,540
鼓楼,46467,2,1,2,暂无数据,46.7,0,2,3,1,70,217
秦淮,36220,3,1,1,错层,118.17,0,3,2,0,70,428
建邺,37466,2,2,1,1,88.08,0,3,2,0,70,330
秦淮,46293,3,1,1,1,108.01,0,2,2,1,70,500
鼓楼,31466,2,2,3,1,98.52,0,2,2.666666667,1,70,310
秦淮,32320,3,1,3,1,78.28,0,2,2,0,70,253
浦口,26414,2,2,2,1,86.32,0,3,4,1,70,228
江宁,35666,4,2,2,1,123.37,0,3,1.5,1,70,440
玄武,40162,3,2,1,1,121.51,0,其他,1.5,1,70,488
秦淮,34180,2,1,1,1,52.37,0,2,3,0,70,179
鼓楼,62132,2,1,2,1,62.77,0,2,2,0,70,390
建邺,49861,3,2,3,1,86.24,0,3,2,1,70,430
江宁,20426,3,1,1,1,80.78,0,3,50,1,70,165
建邺,39326,4,2,3,1,176.73,0,3,1.5,1,70,695
玄武,28530,2,1,3,1,68.35,0,其他,3,0,70,195
江宁,20685,3,2,3,1,90.89,0,3,2,0,70,188
秦淮,56548,2,1,1,暂无数据,50.4,0,3,2,0,70,285
玄武,37136,2,2,3,2,71.36,1,3,3.5,1,70,265
浦口,24813,3,2,2,1,90.68,0,3,2,0,70,225
江宁,18858,2,1,3,1,78.22,0,3,2,0,70,147.5
秦淮,38574,2,1,3,1,51.33,0,2,2,0,70,198
秦淮,44514,2,2,1,1,96.6,0,3,2,1,70,430
江宁,29736,3,1,1,1,117.37,0,其他,1,1,70,349
玄武,23551,3,2,3,1,104.03,0,3,2,0,70,245
玄武,64517,2,1,1,1,52.7,0,2,2,0,70,340
六合,16595,2,1,3,暂无数据,76.53,0,1,4,暂无数据,70,127
玄武,31317,2,2,2,1,94.2,1,3,2,1,70,295
鼓楼,39560,3,1,3,1,59.91,0,2,2,0,70,237
建邺,30354,3,2,2,1,125.19,0,2,1,1,70,380
鼓楼,34525,2,1,3,1,66.04,0,3,3,0,70,228
鼓楼,35449,3,1,3,1,83.22,0,3,3,1,70,295
江宁,20218,2,1,2,1,92,0,1,3,1,70,186
栖霞,36459,2,1,2,1,76.8,1,2,4,1,70,280
鼓楼,34117,3,2,2,1,87.64,0,3,2,0,70,299
雨花台,43486,3,2,2,1,119.58,0,3,2,1,70,520
建邺,49746,2,2,1,1,92.47,0,3,2,1,70,460
江宁,30385,2,2,3,暂无数据,85.57,0,3,2,1,70,260
建邺,41473,2,2,2,1,81.74,0,3,2.5,1,70,339
江宁,36342,2,2,2,暂无数据,49.53,0,3,10,0,70,180
秦淮,35401,2,1,1,1,67.23,0,其他,2,1,70,238
江宁,26341,2,1,2,1,74.41,0,3,2,1,70,196
鼓楼,30046,3,2,3,1,89.53,0,1,3,1,70,269
建邺,30396,3,1,3,1,62.18,0,3,2,0,70,189
秦淮,31217,2,1,3,1,47.09,1,2,3,0,70,147
江宁,22752,4,2,1,1,123.95,1,1,2,1,70,282
秦淮,36072,3,2,2,暂无数据,135.84,0,3,2,0,70,490
浦口,24350,3,2,3,1,90.35,0,3,2,0,70,220
江宁,21906,2,2,2,1,84.91,0,其他,2,1,70,186
鼓楼,25214,2,1,2,1,56.32,0,2,2,0,70,142
鼓楼,40642,3,1,3,1,79.23,0,2,2,0,70,322
建邺,30121,3,1,1,1,63.08,0,1,2,0,70,190
浦口,25657,2,1,1,1,68.21,1,2,3,1,70,175
栖霞,22738,2,1,2,1,65.09,0,2,2,0,70,148
浦口,20228,2,1,2,1,88,0,1,2,1,70,178
鼓楼,40604,2,1,3,1,72.9,0,3,2,0,70,296
玄武,41673,3,2,1,1,131.98,0,1,2,1,70,550
六合,15640,2,1,1,暂无数据,84.4,0,3,2,暂无数据,70,132
建邺,29929,2,1,2,1,57.47,0,3,2,0,70,172
江宁,22423,3,2,1,1,123.98,0,其他,2,0,70,278
江宁,24138,5,2,3,2,116.83,0,3,2,0,70,282
鼓楼,47438,4,2,3,2,189.3,0,3,2,1,70,898
浦口,22939,2,2,1,1,80.65,0,3,2,0,70,185
鼓楼,28966,3,1,1,1,86.31,0,2,2,0,70,250
建邺,28398,4,2,3,暂无数据,126.77,0,3,2,0,70,360
江宁,27660,3,2,2,1,117.5,0,2,2,1,70,325
雨花台,44920,3,2,2,1,117.99,0,3,2,1,70,530
玄武,25024,3,2,1,1,127.08,0,其他,2,0,70,318
江宁,43964,3,2,2,1,110.32,0,3,2,1,70,485
玄武,30943,3,1,3,1,109.88,0,3,2,1,70,340
六合,11263,3,2,3,暂无数据,103,0,3,1,暂无数据,70,116
鼓楼,40842,2,1,2,1,72.23,0,其他,2,0,70,295
建邺,29218,2,1,3,1,63.66,0,2,2,0,70,186
江宁,31563,1,1,1,1,38.02,1,其他,46,0,70,120
鼓楼,46720,4,2,3,2,176.8,0,其他,2,1,70,826
江宁,28265,2,2,2,1,89.51,0,3,33.33333333,1,70,253
建邺,36137,3,2,3,1,86.34,0,2,2,0,70,312
栖霞,22006,3,1,3,1,84.98,1,3,4,1,70,187
江宁,24526,3,2,3,1,130.07,0,其他,4,1,70,319
玄武,31408,2,1,2,1,65.27,1,3,4,0,70,205
浦口,23839,2,2,1,1,90.19,1,3,2,1,70,215
鼓楼,31031,3,1,3,1,74.12,0,2,2,0,70,230
雨花台,31362,3,2,1,1,81.31,0,3,2,0,70,255
鼓楼,57443,3,1,2,1,80.08,0,2,2,0,70,460
江宁,27457,2,1,1,1,55.36,1,其他,6,1,70,152
雨花台,24839,2,2,3,暂无数据,74.48,0,3,2,1,70,185
江宁,30828,2,1,2,1,68.12,1,3,2,1,70,210
栖霞,30742,3,1,2,1,101.49,1,1,2,1,70,312
玄武,28933,2,2,3,1,74.31,0,2,2,0,70,215
鼓楼,33943,2,1,3,1,73.36,1,2,50,1,70,249
秦淮,42572,2,2,1,3,57.55,0,2,8,1,70,245
雨花台,43783,3,2,2,1,119.91,0,其他,2,1,70,525
秦淮,28480,2,2,1,1,65.31,1,其他,2,0,70,186
江宁,19204,3,2,1,1,91.65,0,3,2,0,70,176
玄武,41063,3,1,2,1,64.78,0,2,2,0,70,266
江宁,24422,3,1,2,1,85.99,0,其他,2,1,70,210
浦口,21591,2,2,2,1,87.54,1,3,2,1,70,189
鼓楼,48787,3,2,1,1,119.91,0,3,2,1,70,585
秦淮,40853,3,1,2,1,68.54,1,3,2,0,70,280
江宁,31191,3,2,3,1,110.61,0,1,1.5,1,70,345
江宁,27846,3,2,3,1,90.86,0,3,2,1,70,253
建邺,53652,3,2,3,1,137.74,1,3,2,1,70,739
秦淮,33562,3,2,2,1,97.73,0,其他,2,0,70,328
江宁,20440,2,2,3,1,70.94,1,1,2,暂无数据,70,145
江宁,34571,3,2,2,1,121.49,0,其他,2,1,70,420
秦淮,30997,2,1,3,1,49.36,0,3,2,0,70,153
江宁,25988,3,1,3,1,95.43,0,其他,2,1,70,248
栖霞,27509,3,2,2,1,108.33,0,3,2,1,70,298
玄武,30021,2,1,2,1,64.29,0,3,2,0,70,193
鼓楼,37521,2,1,1,1,61.3,1,3,2,0,70,230
玄武,26267,3,2,2,1,74.24,0,其他,2,0,70,195
浦口,25284,3,2,3,1,90.97,0,3,2,1,70,230
鼓楼,59439,3,2,1,1,117.6,0,3,2,0,70,699
栖霞,26678,3,2,1,1,110.58,0,2,2,0,70,295
玄武,41617,3,2,3,3,90.83,0,3,2,0,70,378
秦淮,58503,2,1,2,1,43.93,0,其他,2,0,70,257
雨花台,25460,2,1,3,1,70.7,1,2,2,1,70,180
雨花台,40239,3,2,3,暂无数据,125.75,0,3,2,0,70,506
江宁,31602,2,1,1,1,71.2,1,其他,20,1,70,225
建邺,36726,2,2,3,1,105.65,1,3,1,1,70,388
秦淮,67318,1,1,1,1,37.88,0,其他,3,0,70,255
建邺,41221,2,2,3,1,84.91,1,3,2,1,70,350
秦淮,33715,4,2,1,1,207.33,1,其他,1.5,1,70,699
秦淮,29014,2,2,1,1,61.35,0,其他,2,0,70,178
秦淮,54832,2,1,1,1,52.16,0,其他,2,0,70,286
栖霞,35679,3,2,3,1,89.13,0,3,2,1,70,318
秦淮,42817,3,2,3,1,94.59,1,2,2,0,70,405
六合,17158,2,1,2,暂无数据,84.51,1,3,3,1,70,145
江宁,32250,2,2,1,1,71.63,0,2,1.5,1,70,231
建邺,28648,2,1,2,1,52.36,0,其他,8,0,70,150
浦口,24580,3,2,2,1,115.95,1,2,2,1,70,285
建邺,48189,2,2,1,1,87.78,1,2,1.5,1,70,423
秦淮,33232,2,1,3,1,55.67,0,其他,2,0,70,185
鼓楼,38268,1,1,2,1,53.57,0,3,7,1,70,205
江宁,29790,2,2,2,1,95.67,0,3,1.5,1,70,285
六合,13125,3,2,2,暂无数据,125.72,1,3,2,0,70,165
秦淮,25912,1,1,2,1,50.17,1,2,3,1,70,130
江宁,38401,3,2,2,2,100.52,0,3,3,1,70,386
秦淮,57199,2,0,1,1,46.33,0,2,3,0,70,265
栖霞,35090,2,2,1,1,86.92,1,1,2,1,70,305
浦口,22445,3,2,3,1,118.07,0,3,2,1,70,265
玄武,33176,2,2,3,1,88.92,0,2,2,1,70,295
江宁,27541,1,0,2,1,36.31,0,3,33.33333333,1,70,100
江宁,27831,3,2,3,1,95.22,1,3,1,1,70,265
江宁,23112,3,2,1,1,95.19,0,2,2,0,70,220
秦淮,32773,2,1,3,1,45.77,1,2,4,0,70,150
玄武,30183,3,2,3,1,82.83,0,2,2,0,70,250
江宁,26236,2,2,1,1,108.63,0,3,3,1,70,285
江宁,32972,2,1,1,1,76.43,0,3,1.5,1,70,252
浦口,22911,3,2,2,1,89.48,0,3,2,0,70,205
江宁,29754,3,1,2,1,100.83,0,2,1.5,1,70,300
江宁,32157,2,2,1,1,88.63,1,2,2.333333333,1,70,285
江宁,33507,2,1,2,2,46.26,0,2,15,1,70,155
浦口,24539,3,2,1,1,93.73,0,1,2,1,70,230
玄武,40180,2,1,1,1,95.82,1,其他,1.5,1,70,385
建邺,40689,2,2,1,1,92.9,0,3,2,0,70,378
江宁,27387,2,2,2,1,89.46,0,其他,2,1,70,245
江宁,31845,2,2,3,1,96.72,0,3,2,1,70,308
浦口,22596,3,2,2,1,132.77,0,1,2,1,70,300
玄武,30784,2,2,3,1,95.18,0,3,2,1,70,293
浦口,21913,3,1,2,1,88.99,1,其他,2,1,70,195
秦淮,35157,3,2,1,1,122.31,0,2,2,0,70,430
江宁,25872,4,2,3,3,174.71,0,1,2,0,70,452
秦淮,52711,3,1,1,1,73.04,0,2,2,0,70,385
浦口,26733,2,1,1,1,74.44,0,3,2.5,1,70,199
鼓楼,52236,3,1,1,1,90.36,0,2,2,0,70,472
江宁,23898,3,2,2,错层,124.7,0,3,2,1,70,298
江宁,31207,2,2,1,1,71.46,0,3,2,0,70,223
江宁,45114,3,2,3,1,128.12,0,3,2,1,70,578
浦口,28646,3,2,1,1,134.4,0,1,2,0,70,385
江宁,23107,2,2,3,1,91.75,0,3,2,0,70,212
雨花台,36755,2,1,3,1,75.91,0,其他,1.5,1,70,279
秦淮,33613,2,1,1,1,58.61,0,2,2,0,70,197
浦口,20549,2,2,1,1,90.03,0,1,2,1,70,185
秦淮,58639,1,1,1,1,41.27,0,2,2,0,70,242
江宁,33723,2,1,2,2,46.26,0,3,15,1,70,156
江宁,25602,2,2,2,1,76.95,0,2,4,1,70,197
江宁,26722,3,2,1,1,92.81,0,其他,2,1,70,248
江宁,29209,3,2,2,1,106.82,0,3,2,1,70,312
浦口,26770,2,2,3,1,82.93,1,2,4,1,70,222
江宁,39604,3,2,3,1,89.89,0,3,2,1,70,356
浦口,24336,3,2,3,1,106.84,0,3,2,1,70,260
浦口,21884,2,2,1,1,94.59,0,2,2,1,70,207
江宁,23604,3,2,2,1,143.2,0,其他,2,1,70,338
栖霞,27001,2,1,1,1,51.85,0,3,3,0,70,140
江宁,25000,3,2,1,1,80.8,0,其他,2,1,70,202
鼓楼,42158,2,1,1,1,64.52,0,2,4,0,70,272
江宁,29305,3,2,2,1,134.79,1,2,4,1,70,395
秦淮,41775,3,1,1,1,143.63,0,其他,1.5,1,70,600
秦淮,31936,2,1,3,1,73.9,0,2,2,1,70,236
秦淮,33251,2,1,3,1,56.54,1,3,3,0,70,188
浦口,24923,2,2,2,1,71.02,1,1,3,1,70,177
江宁,26018,3,1,2,1,98.01,0,1,2,1,70,255
鼓楼,47953,3,2,2,1,119.91,0,2,2,1,70,575
江宁,29166,2,1,3,1,61.03,0,其他,2,0,70,178
玄武,25081,2,1,1,1,55.82,1,1,4,1,70,140
秦淮,33372,2,2,1,1,77.91,0,2,2,0,70,260
秦淮,30873,2,1,2,1,71.26,0,2,2.5,1,70,220
鼓楼,39128,3,2,3,1,95.84,0,2,2,0,70,375
江宁,35186,2,2,2,1,89.81,0,其他,2,1,70,316
江宁,21786,2,2,1,1,84.46,0,3,2,0,70,184
浦口,20339,3,2,1,1,120.46,0,3,2,1,70,245
秦淮,31753,2,1,2,1,50.39,0,其他,2,0,70,160
浦口,23598,2,2,3,1,79.67,0,3,2,0,70,188
栖霞,28896,1,1,1,1,43.26,1,2,3,0,70,125
秦淮,28877,3,2,3,1,120.86,1,2,2,1,70,349
栖霞,23301,2,1,2,1,62.23,1,其他,4,0,70,145
浦口,23088,2,1,2,1,70.6,0,3,3,1,70,163
秦淮,26844,2,1,3,1,75.25,0,3,4,1,70,202
秦淮,55040,2,1,2,1,46.33,1,2,2,0,70,255
江宁,30931,3,2,1,1,116.39,0,其他,2,0,70,360
雨花台,25417,3,1,1,1,84.59,0,3,2,0,70,215
玄武,54756,2,1,3,1,62.46,0,3,3.333333333,1,70,342
鼓楼,35329,4,2,3,1,183.99,0,1,1.5,1,70,650
鼓楼,76867,2,1,2,1,67.39,0,其他,4,1,70,518
玄武,29093,3,2,3,1,116.18,0,其他,4,1,70,338
鼓楼,26163,3,1,2,1,78.74,0,2,2,1,70,206
江宁,38907,3,2,1,1,97.67,1,其他,2.5,1,70,380
江宁,21282,3,2,1,1,140.03,0,3,2,0,70,298
秦淮,38948,3,1,3,1,79.08,1,2,100,1,65,308
江宁,25108,2,2,1,暂无数据,37.04,0,3,14.66666667,1,70,93
浦口,20811,2,2,1,1,81.21,0,3,2,1,70,169
秦淮,32636,2,1,2,1,64.96,0,1,4,1,70,212
秦淮,35571,2,2,1,1,82.09,0,其他,6,1,70,292
玄武,24796,2,1,2,1,74.61,0,2,2,0,70,185
建邺,39119,2,1,2,1,70.3,0,其他,6,1,70,275
秦淮,27108,2,1,2,1,60.13,0,2,2,0,70,163
浦口,24812,3,2,3,1,116.88,0,3,2,1,70,290
浦口,22916,3,2,2,1,89.46,1,3,2,1,70,205
江宁,22463,3,2,3,1,119.31,1,其他,2,0,70,268
秦淮,59972,2,0,1,1,42.02,0,3,4,0,70,252
秦淮,42688,2,1,3,1,53.88,1,2,2,0,70,230
鼓楼,52099,4,1,3,1,81,0,2,2,0,70,422
秦淮,30567,2,1,2,1,59.87,0,2,2,1,70,183
江宁,25600,2,2,2,1,85.55,1,其他,2,1,70,219
鼓楼,65887,2,1,1,1,81.2,0,3,4,1,70,535
江宁,24607,4,2,3,1,123.95,0,其他,2,1,70,305
鼓楼,43128,2,1,2,1,53.33,0,2,2,0,70,230
江宁,28950,3,2,1,1,99.83,0,其他,2,0,70,289
雨花台,34280,2,1,2,1,83.14,1,3,2,1,70,285
浦口,28915,3,2,2,1,93.38,0,3,2,1,70,270
鼓楼,48026,4,2,1,1,160.33,1,3,2,0,70,770
江宁,29275,2,2,2,1,96.67,0,3,1.5,1,70,283
江宁,24359,3,2,3,1,69.38,1,3,2,1,70,169
秦淮,38817,3,2,3,1,103.05,0,2,2,0,70,400
鼓楼,97288,2,1,3,1,53.45,0,3,2,0,70,520
江宁,37170,3,2,2,1,103.58,0,其他,2,1,70,385
鼓楼,42416,3,2,1,1,98.55,1,3,2,1,70,418
建邺,42681,3,2,3,1,132.38,0,其他,2,1,70,565
秦淮,31473,3,2,3,2,73.08,0,2,1,0,70,230
秦淮,59049,2,1,1,1,47.08,1,3,2,0,70,278
浦口,27344,4,2,2,1,128,0,1,1.5,1,70,350
建邺,32765,2,1,2,1,50.36,0,2,2,0,70,165
江宁,32880,2,2,2,1,86.68,0,3,1.5,1,70,285
鼓楼,25007,3,1,2,1,72.38,0,1,2,1,70,181
秦淮,34692,3,2,2,1,100.89,0,3,2,0,70,350
建邺,54701,3,2,3,1,146.25,0,3,2,1,70,800
浦口,25393,3,2,3,1,93.73,0,其他,2,1,70,238
鼓楼,40523,2,1,3,1,61.2,0,1,3,0,70,248
建邺,44764,3,2,3,1,110.58,1,3,1.333333333,1,70,495
秦淮,40168,2,2,2,1,93.36,0,其他,2,1,70,375
浦口,23077,3,2,3,1,117,1,3,3,1,70,270
鼓楼,60748,2,2,2,3,51.36,1,3,4,1,70,312
秦淮,34281,2,1,2,1,51.05,0,2,2,0,70,175
浦口,24297,2,2,1,2,88.49,1,2,2,1,70,215
雨花台,30949,2,1,1,2,68.5,0,3,100,1,70,212
江宁,38719,3,2,2,1,85.23,0,其他,2.5,1,70,330
鼓楼,46571,4,1,3,1,182.52,0,3,1,0,70,850
鼓楼,37830,2,1,1,1,68.2,0,2,3,0,70,258
江宁,23115,2,1,2,1,62.73,1,3,4.5,1,70,145
建邺,42534,4,2,3,1,128.84,0,2,2,1,70,548
秦淮,32009,3,2,2,1,118.72,0,2,2,0,70,380
玄武,33251,3,2,1,1,104.66,0,2,2,0,70,348
栖霞,34783,3,2,2,1,89.7,0,3,1,1,70,312
鼓楼,91110,3,1,2,1,72.44,0,2,2,0,70,660
秦淮,33251,2,1,2,1,60.15,1,3,2,0,70,200
鼓楼,64728,3,2,2,1,112.78,0,3,1,1,70,730
建邺,36223,2,1,1,1,85.03,0,2,2,0,70,308
玄武,47474,4,2,3,1,147.03,0,其他,2,1,70,698
江宁,25532,2,2,1,1,84.21,0,3,2,0,70,215
鼓楼,39280,3,1,2,1,91.65,0,2,2,1,65,360
秦淮,27347,3,1,1,1,75.33,0,2,3,0,70,206
鼓楼,37432,2,1,1,1,50.76,0,2,2,0,70,190
江宁,18337,3,2,2,1,117.25,0,1,2,0,70,215
江宁,19844,3,2,1,1,78.11,1,3,2,1,70,155
栖霞,24136,2,2,3,1,76.65,0,2,2,1,70,185
栖霞,29558,3,2,2,1,90.67,0,其他,2,0,70,268
鼓楼,81855,3,1,2,1,75.5,0,3,3,0,70,618
秦淮,27834,2,1,3,1,49.94,0,2,2,0,70,139
浦口,23884,2,2,2,1,90.02,0,1,2,1,70,215
江宁,25934,3,1,1,1,88.69,1,其他,1.5,1,70,230
秦淮,59811,2,1,1,1,50.66,0,其他,2,0,70,303
江宁,25999,3,2,2,1,101.93,0,3,2,1,70,265
建邺,35301,3,2,1,1,134.56,0,3,1,1,70,475
浦口,25488,3,2,2,1,90.24,0,2,2,0,70,230
秦淮,27627,2,1,3,1,62.26,1,3,2,0,70,172
江宁,30639,2,2,1,1,76.7,1,3,4,1,70,235
建邺,40568,3,2,2,1,103.53,0,2,2,1,70,420
秦淮,30061,2,1,2,1,49.9,0,2,2,0,70,150
江宁,31211,3,2,2,1,110.54,0,其他,4,1,70,345
玄武,31838,3,2,1,1,128.78,1,3,2,0,70,410
浦口,23270,2,1,2,1,69.62,0,1,2,1,70,162
建邺,63531,3,2,2,1,103.1,0,3,2,1,70,655
鼓楼,71869,2,1,3,1,50.37,0,2,3,0,70,362
江宁,28519,3,2,1,1,103.44,0,3,2,0,70,295
鼓楼,59138,3,2,2,1,140.35,1,3,2,1,70,830
秦淮,31930,3,1,2,1,81.43,0,3,2,0,70,260
江宁,25464,3,2,3,1,91.11,0,3,2,1,70,232
浦口,18147,3,1,2,1,107.46,1,2,2,0,70,195
建邺,33004,2,1,2,1,78.78,0,3,2,0,70,260
江宁,20432,3,2,1,1,87.12,0,3,2,1,70,178
浦口,22083,3,2,2,1,114.57,0,3,2,1,70,253
栖霞,24416,2,1,2,1,68.81,1,3,2,0,70,168
浦口,21568,2,1,2,1,87.17,0,2,2,1,70,188
江宁,21689,4,2,2,1,129.1,0,其他,2,0,70,280
秦淮,32537,2,1,3,1,39.34,0,3,2,0,70,128
浦口,27878,2,1,2,1,83.58,1,3,3,1,70,233
秦淮,37823,4,2,3,1,158.37,0,2,1,1,70,599
秦淮,53437,2,1,3,1,50.34,0,2,2,0,70,269
建邺,34829,3,2,2,1,110.83,0,2,10,1,70,386
玄武,39445,3,1,2,1,63.38,1,其他,2,0,70,250
江宁,38999,3,1,3,3,93.85,1,3,3,1,70,366
浦口,29872,3,2,1,1,113.15,1,3,1.5,1,70,338
栖霞,22641,1,1,3,1,41.96,0,3,2,0,70,95
雨花台,33242,2,2,2,2,69.19,0,3,100,1,70,230
江宁,32427,4,3,3,2,91.9,1,其他,2,0,70,298
江宁,27168,3,2,1,1,84.66,1,其他,1.5,1,70,230
建邺,65345,3,2,2,1,107.89,0,3,2,1,70,705
浦口,27831,3,2,2,1,95.22,0,2,3,1,70,265
浦口,23635,2,2,1,1,80.39,0,3,2,0,70,190
江宁,27713,4,2,1,1,153.36,0,其他,1.5,1,70,425
建邺,60837,2,2,1,1,92.05,0,2,2,1,70,560
秦淮,35022,3,1,2,1,63.96,0,其他,2,0,70,224
鼓楼,62019,2,1,3,1,53.21,0,2,3,0,70,330
建邺,36425,2,1,1,1,86.48,0,3,2,0,70,315
秦淮,40682,2,2,2,1,76.94,1,3,33.33333333,1,65,313
秦淮,30733,3,1,3,1,74.84,1,3,2,1,70,230
建邺,35088,4,1,3,3,55.86,0,2,2,0,70,196
江宁,37141,1,1,2,2,32.31,0,其他,25.5,1,70,120
建邺,38598,3,2,2,1,107.52,0,3,2,1,70,415
江宁,24254,4,2,1,1,117.51,0,其他,2,1,70,285
秦淮,39049,3,1,3,1,68.12,0,2,2,0,70,266
浦口,30455,3,2,1,1,88,0,其他,2,1,70,268
浦口,22517,2,2,2,1,80.83,1,3,2,1,70,182
江宁,23137,2,2,2,1,89.47,0,3,2,0,70,207
玄武,22849,2,2,3,1,69.15,0,2,2,0,70,158
秦淮,25655,3,1,1,1,77.18,0,其他,2,0,70,198
建邺,51116,4,1,1,1,144.77,0,其他,1,1,70,740
秦淮,36745,3,1,3,1,73.48,0,1,3,0,70,270
秦淮,33676,2,1,1,1,59.39,0,2,2,0,70,200
雨花台,33285,2,1,1,2,68.5,1,3,100,1,70,228
秦淮,30820,2,1,1,1,48.67,0,1,2,0,70,150
浦口,29319,3,2,2,1,88,0,其他,2,1,70,258
江宁,23644,3,2,1,1,145.92,0,1,2,0,70,345
雨花台,25198,2,1,2,1,68.26,0,2,2,0,70,172
鼓楼,45427,3,2,3,1,164,1,3,2,1,70,745
江宁,27999,2,2,1,1,86.79,0,3,2,1,70,243
鼓楼,74934,1,1,3,1,56.05,0,3,33.33333333,1,70,420
秦淮,39720,3,2,2,1,118.33,0,3,2,0,70,470
建邺,53795,4,2,3,1,168.42,0,3,1,1,70,906
鼓楼,36734,2,2,2,1,76.77,0,2,1,0,70,282
秦淮,50006,2,2,3,1,91.99,0,2,1,1,70,460
江宁,27553,3,2,1,1,92.55,0,3,2,1,70,255
秦淮,34870,2,1,3,1,80.3,0,2,2,0,70,280
建邺,52017,3,2,1,1,141.3,0,其他,1.5,1,70,735
浦口,26860,3,2,1,1,111.32,1,3,1.5,1,70,299
鼓楼,32461,2,1,1,1,44.67,0,2,2,0,70,145
栖霞,27896,3,1,2,1,84.96,0,3,2,0,70,237
江宁,32808,2,1,3,1,71.63,1,其他,1.5,1,70,235
浦口,26137,3,2,1,1,88,0,1,2,1,70,230
江宁,27874,3,2,3,1,110.5,0,其他,2,0,70,308
建邺,29213,5,2,2,3,184.51,0,2,2,0,70,539
秦淮,44746,3,2,3,2,82.69,0,2,2,0,70,370
建邺,26810,2,1,3,1,67.14,0,3,3,0,70,180
江宁,27608,3,2,2,1,95.99,0,3,1,1,70,265
浦口,21560,3,2,1,1,111.32,1,其他,2,1,70,240
建邺,35273,2,1,2,1,92.14,1,2,2,1,70,325
江宁,29378,2,2,1,1,67.74,0,3,2,1,70,199
鼓楼,44810,3,2,2,1,147.29,0,其他,1.5,1,70,660
秦淮,34483,2,1,3,1,65.25,0,3,2,0,70,225
浦口,22341,2,2,2,1,94,0,其他,1,1,70,210
秦淮,39482,3,1,2,1,81.05,0,2,2,0,70,320
秦淮,31786,3,2,1,1,88.09,0,其他,4,0,70,280
江宁,31933,2,2,2,1,79.23,0,其他,2,1,70,253
浦口,22531,2,2,3,1,82.11,0,其他,2,0,70,185
秦淮,57665,2,2,3,2,62.43,0,其他,2.5,1,70,360
江宁,24700,3,2,3,1,111.34,0,其他,2,1,70,275
浦口,23896,3,2,2,1,121.36,0,3,2,1,70,290
鼓楼,42492,3,1,1,1,85.9,1,2,2,0,70,365
江宁,10054,3,2,1,1,102.45,1,2,7,1,70,103
建邺,22776,2,2,3,1,70.25,0,3,3,0,70,160
秦淮,28072,3,1,3,1,76.59,0,3,2,0,70,215
秦淮,32450,2,1,1,1,55.47,1,1,4,0,70,180
浦口,31319,4,2,3,2,105.37,0,3,4,1,70,330
秦淮,36528,2,1,1,1,48.73,1,2,3,0,70,178
秦淮,55387,2,1,1,1,46.04,0,其他,2,0,70,255
江宁,23793,5,2,3,3,197.54,0,3,2,0,70,470
秦淮,28402,2,1,2,1,50.35,0,2,3,0,70,143
栖霞,28335,3,2,2,1,121.76,1,3,1,1,70,345
鼓楼,65265,3,1,2,1,68.95,1,其他,3,0,70,450
栖霞,35459,3,2,3,1,87.99,0,1,2,1,70,312
浦口,22538,2,1,2,1,86.08,1,1,2,1,70,194
秦淮,39970,2,1,1,1,66.05,1,其他,3,0,70,264
鼓楼,53013,3,1,1,1,62.25,0,其他,3,0,70,330
栖霞,22134,3,2,3,1,84.94,1,3,4,1,70,188
栖霞,27917,2,1,2,1,85.97,1,2,2,0,70,240
栖霞,26459,2,1,1,1,73.7,0,3,2,1,70,195
浦口,19244,3,2,1,1,109.13,0,2,2,1,70,210
秦淮,42726,2,1,3,1,44.47,0,其他,2,0,70,190
鼓楼,39342,3,1,3,1,97.86,0,2,2.666666667,1,70,385
秦淮,30431,2,2,1,1,102.53,0,其他,2,1,70,312
江宁,28064,2,2,2,1,88.37,0,3,6,0,70,248
玄武,30668,3,2,2,1,129.78,0,2,2,1,70,398
浦口,22783,3,2,3,1,115,0,1,2,1,70,262
建邺,27305,5,2,3,2,135.51,0,2,2,0,70,370
秦淮,27497,2,1,2,1,48.37,1,3,3,1,70,133
栖霞,29919,3,2,2,1,103.95,1,其他,2,1,70,311
鼓楼,64681,2,1,3,1,58.75,0,2,2,0,70,380
浦口,21637,3,2,1,1,95.21,0,1,2,1,70,206
江宁,23617,3,2,1,1,113.48,0,3,3,1,70,268
秦淮,29955,2,1,1,1,59.09,0,3,3.333333333,1,70,177
建邺,31193,2,1,2,1,54.5,0,2,2,0,70,170
建邺,27006,3,1,3,1,87.02,0,2,3,0,70,235
鼓楼,41027,3,1,1,1,93.11,0,3,2,0,70,382
江宁,16303,3,2,3,1,109.8,1,3,2,1,70,179
江宁,20710,2,1,2,1,82.57,0,3,2,0,70,171
江宁,21308,3,2,3,1,116.39,0,3,2,0,70,248
秦淮,30457,1,1,1,1,39.4,0,2,2,1,70,120
江宁,24266,3,2,3,1,135.17,0,3,2,0,70,328
栖霞,21163,3,1,3,1,84.11,0,其他,4,1,70,178
鼓楼,31849,3,1,1,1,77.24,0,2,2,0,70,246
江宁,41743,3,1,3,1,88.4,0,3,1,1,70,369
江宁,27450,2,2,2,1,79.42,0,3,2,0,70,218
建邺,49668,2,2,2,1,88.59,0,3,1.5,1,70,440
浦口,18314,3,2,3,3,95.56,0,3,2,0,70,175
鼓楼,38800,4,2,1,1,162.89,0,3,1.5,1,70,632
江宁,24189,2,1,1,1,82.27,0,3,4,1,70,199
秦淮,28978,1,1,2,1,54.87,0,3,2,1,70,159
江宁,31153,2,2,2,1,80.25,1,3,2,1,70,250
江宁,13557,2,1,3,1,63.44,1,2,100,0,70,86
秦淮,36105,2,1,1,1,54.01,0,其他,2,0,70,195
栖霞,23668,3,1,2,1,84.08,0,3,2,0,70,199
秦淮,35379,2,1,3,1,87.34,0,3,2,1,70,309
建邺,29401,2,1,3,1,50.68,0,3,2,0,70,149
栖霞,18680,5,2,3,1,99.04,0,3,2,暂无数据,70,185
江宁,25081,4,2,2,1,143.54,0,3,2,1,70,360
浦口,23206,2,1,2,1,78.43,0,3,2,0,70,182
建邺,37748,2,1,2,1,66.76,0,2,2,0,70,252
鼓楼,80244,2,1,2,1,55.83,0,2,2,0,70,448
江宁,27154,2,2,1,1,93.91,0,3,2,0,70,255
鼓楼,37063,4,2,3,1,215.85,0,3,1.5,1,70,800
秦淮,28198,3,1,3,1,74.83,0,其他,2,1,70,211
江宁,30655,2,2,1,1,77.64,1,3,2,1,70,238
秦淮,30663,2,1,2,1,53.16,0,3,3,0,70,163
秦淮,38536,3,2,2,1,103.8,0,3,2,0,70,400
江宁,25305,2,2,1,1,77.06,0,3,4,1,70,195
秦淮,28004,2,1,1,1,63.92,0,3,2,0,70,179
栖霞,26882,3,2,2,1,102.3,1,3,2,0,70,275
江宁,27803,3,2,2,1,145.67,0,3,2,1,70,405
建邺,59991,3,2,2,1,100.85,0,3,2,1,70,605
秦淮,38208,3,1,3,1,80.09,1,3,100,1,65,306
建邺,39039,2,1,1,1,52,0,其他,2,0,70,203
浦口,24507,2,2,3,1,81.61,0,3,2,1,70,200
建邺,32717,2,1,2,1,55.63,0,2,2,0,70,182
江宁,18614,3,2,2,1,126.25,0,1,2,0,70,235
江宁,23801,3,2,1,1,100.42,0,其他,1.5,1,70,239
江宁,26540,3,1,2,1,81.01,0,其他,4,1,70,215
秦淮,28437,2,1,3,1,48.53,1,2,3,1,70,138
鼓楼,51841,3,1,1,2,57.87,1,其他,50,1,70,300
鼓楼,83766,3,1,3,1,75.21,0,其他,2,0,70,630
浦口,22488,2,2,2,1,88.94,0,3,2,1,70,200
秦淮,31733,2,1,1,1,60.82,1,其他,2,1,70,193
江宁,28918,2,2,2,1,98.21,1,其他,3,1,70,284
秦淮,30461,2,1,2,1,59.75,0,3,2,0,70,182
秦淮,37096,2,1,2,1,76.29,1,3,2,0,70,283
江宁,32968,3,2,2,1,112.84,0,其他,2,0,70,372
浦口,16673,3,2,3,1,119.96,0,1,2,0,70,200
建邺,26912,4,2,3,3,58.71,0,2,2,0,70,158
建邺,56307,3,2,1,1,137.64,1,3,1,1,70,775
秦淮,50045,2,1,2,1,55.75,0,其他,2,0,70,279
鼓楼,34895,1,1,3,1,44.42,1,其他,50,1,65,155
秦淮,30347,2,1,1,1,56.35,1,3,4,0,70,171
鼓楼,34362,3,1,2,1,59.66,0,其他,2,0,70,205
江宁,21498,3,2,2,1,118.62,0,其他,2,0,70,255
秦淮,38503,3,2,2,1,103.89,0,其他,2,0,70,400
鼓楼,42935,3,2,2,1,119.95,1,2,2,0,70,515
鼓楼,27206,4,3,3,2,136,1,其他,2,0,70,370
江宁,26087,3,2,1,1,115,0,2,2,0,70,300
玄武,28832,2,1,2,1,65.9,0,2,2,0,70,190
秦淮,29361,2,1,2,1,63.01,1,其他,2,0,70,185
江宁,21923,4,2,3,1,159.2,0,其他,2,1,70,349
秦淮,42706,2,1,3,1,66.97,0,其他,1.5,1,70,286
鼓楼,65367,2,1,1,1,46.66,1,2,4,0,70,305
秦淮,29293,2,1,3,1,51.89,1,3,2,0,70,152
江宁,20059,3,2,1,1,112.17,0,3,2,0,70,225
鼓楼,66472,2,1,3,2,61.38,0,其他,2,0,70,408
建邺,41716,2,2,2,1,76.71,0,3,2,0,70,320
建邺,34057,2,2,3,1,79.28,0,3,5,0,70,270
鼓楼,39956,3,2,2,1,81.34,0,其他,3,0,70,325
江宁,27872,4,2,2,1,154.28,0,其他,1.5,1,70,430
江宁,19338,2,1,3,1,77.57,0,1,2,0,70,150
江宁,33605,4,2,3,1,261.87,0,其他,2,1,70,880
江宁,24078,2,2,1,错层,97.6,0,其他,2,0,70,235
江宁,32763,3,2,3,1,138.88,0,其他,2,1,70,455
浦口,22011,3,2,3,1,110.4,0,1,2,1,70,243
浦口,16773,3,2,2,1,116.26,1,3,2,暂无数据,70,195
建邺,31367,2,1,2,1,51.01,0,2,4,0,70,160
江宁,33787,2,2,2,1,85.24,0,3,2,1,70,288
鼓楼,62940,2,1,2,1,54.02,0,2,4,0,70,340
江宁,29403,2,2,2,1,95.91,1,其他,2.5,1,70,282
秦淮,36461,3,1,1,1,73.23,0,3,50,1,70,267
秦淮,44487,3,2,2,1,122.51,0,其他,1,1,70,545
秦淮,36803,3,2,3,2,116.84,0,其他,2,0,70,430
江宁,35483,2,1,2,1,60.03,1,其他,3,1,70,213
江宁,19419,4,2,2,1,138.53,0,其他,2,1,70,269
浦口,20413,2,1,1,1,88.67,0,2,2,1,70,181
浦口,25219,3,2,1,1,105.08,0,其他,2,1,70,265
江宁,19174,3,2,3,2,119.96,1,其他,3,1,70,230
鼓楼,75346,2,1,1,1,47.78,0,1,2,0,70,360
玄武,64000,3,1,3,1,56.25,1,其他,2,0,70,360
鼓楼,59973,2,1,2,1,58.36,1,2,4,0,70,350
浦口,17648,3,2,3,1,102,0,2,2,0,70,180
浦口,26036,2,2,3,1,78.74,0,2,2,1,70,205
浦口,30209,3,2,2,1,122.15,0,1,2,1,70,369
建邺,35947,3,2,2,1,120.18,0,3,1,1,70,432
栖霞,36796,3,2,2,1,119.58,0,其他,2,1,70,440
浦口,20644,3,2,1,1,109.48,0,其他,2,1,70,226
鼓楼,70910,2,1,2,1,56.41,0,3,2,0,70,400
鼓楼,92075,2,1,3,1,63.97,0,其他,2,0,70,589
江宁,28016,3,2,3,1,128.5,0,1,2,1,70,360
秦淮,31271,2,1,2,1,60.76,0,3,2,0,70,190
江宁,25336,5,2,1,3,163.8,0,2,2,0,70,415
江宁,25864,2,1,1,2,47.17,1,2,14.66666667,1,70,122
玄武,28825,3,1,2,1,71.12,0,1,2,0,70,205
秦淮,32810,3,1,2,1,96.01,0,其他,1.5,1,70,315
鼓楼,29910,2,1,2,1,68.54,0,3,2,0,70,205
秦淮,25801,1,1,3,1,41.86,1,2,50,1,65,108
江宁,24918,3,1,1,1,105.55,0,其他,1.5,1,70,263
鼓楼,75389,3,1,2,1,86.22,0,2,2,0,70,650
江宁,38164,3,1,2,1,116.08,0,3,2,1,70,443
秦淮,33320,2,1,2,1,73.53,1,其他,2,1,70,245
江宁,29282,2,2,2,1,92.55,0,其他,2,0,70,271
建邺,53709,3,2,2,1,88.44,0,其他,4,1,70,475
建邺,36274,2,2,2,1,84.91,0,其他,2,0,70,308
玄武,40417,2,1,2,1,67.3,0,3,2,1,70,272
江宁,24170,2,2,1,1,98.47,0,其他,2,0,70,238
浦口,23259,3,2,1,1,93.73,1,1,2,1,70,218
秦淮,45638,3,1,2,1,74.5,0,2,2,1,70,340
建邺,49490,2,2,2,1,94.97,1,3,1.5,1,70,470
鼓楼,86468,2,1,1,1,59.56,0,3,2,0,70,515
秦淮,26406,2,1,3,1,61.35,0,3,2,0,70,162
江宁,29225,1,1,3,1,37.64,0,其他,14.66666667,1,70,110
鼓楼,39034,4,2,1,1,133.22,0,3,2,0,70,520
栖霞,34966,3,2,1,1,94.38,0,其他,2,1,70,330
江宁,28815,3,2,2,1,112.79,0,其他,1,1,70,325
江宁,26847,3,1,3,1,130.37,0,2,2,0,70,350
建邺,35778,3,2,3,3,136.4,0,3,2,0,70,488
栖霞,31663,2,2,2,1,78.01,0,3,3,1,70,247
江宁,32895,3,2,3,1,89.68,0,其他,2,0,70,295
江宁,27117,3,2,1,1,127.23,0,1,2,0,70,345
浦口,24461,3,2,2,1,89.94,0,1,2,1,70,220
浦口,25432,2,2,1,1,83.36,1,1,3,1,70,212
鼓楼,64679,3,2,2,1,101.27,0,3,1,1,70,655
江宁,29582,2,2,3,1,76.06,1,3,2,1,70,225
秦淮,28538,2,1,2,1,58.87,0,2,4,0,70,168
浦口,22246,3,2,2,1,143.85,0,1,2,1,70,320
鼓楼,25516,3,1,2,1,63.49,0,2,6,0,70,162
江宁,24115,3,2,1,1,108.65,0,其他,2,1,70,262
浦口,28515,2,1,1,1,94.69,0,1,2,0,70,270
江宁,33034,2,2,2,1,82.34,1,3,1.5,1,70,272
玄武,27569,2,2,1,1,94.31,0,2,3,1,70,260
江宁,27573,3,2,1,1,90.67,0,3,2,1,70,250
江宁,20298,3,2,2,1,125.63,0,其他,2,1,70,255
江宁,21442,3,2,2,错层,123.59,0,3,2,0,70,265
鼓楼,77538,2,1,2,1,50.04,0,2,2,0,70,388
建邺,46023,3,2,3,1,121.68,0,3,1.5,1,70,560
建邺,37276,3,2,2,1,114.82,0,3,2,0,70,428
秦淮,35088,2,2,2,1,83.79,0,3,2,0,70,294
秦淮,39632,2,1,2,1,93.36,0,3,2,1,70,370
建邺,62352,3,2,2,1,121.89,0,3,2,1,70,760
鼓楼,35346,1,1,3,1,38.76,0,2,3,0,70,137
雨花台,29582,2,1,1,2,74.37,0,2,8,1,70,220
建邺,33836,3,1,1,1,97.53,0,其他,2,0,70,330
建邺,67085,3,2,2,1,102.11,0,2,2,0,70,685
江宁,28687,3,2,1,1,104.58,0,3,2,0,70,300
浦口,21408,3,2,3,1,92.49,0,其他,3,1,70,198
浦口,19681,3,2,1,1,129.57,0,1,2,1,70,255
浦口,25259,3,2,2,1,91.06,0,其他,2,0,70,230
玄武,36938,2,2,3,1,78.24,0,3,3,1,70,289
秦淮,39702,3,2,1,1,144.83,0,2,1.5,1,70,575
秦淮,35047,2,2,1,1,76.47,1,其他,2,1,70,268
秦淮,28859,2,1,3,1,53.71,1,3,2,0,70,155
建邺,37570,2,2,2,1,90.5,0,2,8,0,70,340
秦淮,29119,2,1,2,1,85.17,0,2,2,1,70,248
江宁,27982,3,2,2,1,116.15,0,其他,2,1,70,325
浦口,21146,2,2,2,1,92.22,0,2,2,1,70,195
江宁,23840,2,2,2,1,94.8,0,其他,2,0,70,226
浦口,25988,3,1,2,1,79.27,0,3,2,1,70,206
秦淮,30114,2,1,2,1,59.11,0,1,3,1,70,178
江宁,27071,3,2,3,1,94.2,0,2,2,0,70,255
鼓楼,48068,2,1,3,1,50.97,0,3,2,0,70,245
江宁,36300,3,2,1,1,85.4,0,其他,2.5,1,70,310
江宁,26446,3,2,2,1,89.24,0,1,2,1,70,236
鼓楼,31710,3,1,1,1,82.94,0,3,3,1,70,263
雨花台,28321,2,1,2,1,54.73,0,其他,2,0,70,155
江宁,18503,3,2,3,1,116.2,0,3,2,0,70,215
江宁,27162,4,3,2,1,250.35,0,其他,1,1,70,680
江宁,28537,2,2,2,1,81.3,0,3,3,1,70,232
浦口,23643,2,1,1,1,76.98,0,3,2,1,70,182
秦淮,59580,2,1,2,1,53.71,0,3,2,0,70,320
秦淮,35353,3,2,2,1,120.5,0,3,2,0,70,426
江宁,21271,3,2,1,1,106.25,0,3,2,1,70,226
鼓楼,34099,3,2,1,1,169.51,1,3,1.5,1,70,578
秦淮,35118,3,1,3,1,70.62,0,2,2,0,70,248
江宁,27746,3,2,1,1,95.51,0,1,2,1,70,265
鼓楼,78517,3,1,2,1,78.71,0,2,4,0,70,618
玄武,34233,3,1,1,2,96.4,1,2,1.5,1,70,330
栖霞,23267,2,2,2,1,65.33,0,其他,4,1,70,152
雨花台,38152,3,2,2,1,141.54,1,其他,2,1,70,540
玄武,36977,1,1,2,1,36.51,1,1,2,0,70,135
建邺,44603,3,2,2,1,120.62,1,1,1.5,1,70,538
浦口,22511,3,2,2,1,115.5,0,1,2,0,70,260
建邺,50946,3,2,2,1,122.68,0,3,1.5,1,70,625
鼓楼,62224,3,1,2,1,72.32,0,其他,3,0,70,450
鼓楼,30827,3,1,2,1,82.72,0,其他,3,0,70,255
栖霞,34479,3,2,2,1,89.33,0,其他,1,1,70,308
秦淮,39675,2,1,2,1,67.55,0,3,2,0,70,268
浦口,25874,3,1,1,1,139.14,0,其他,2,1,70,360
江宁,25353,2,2,2,1,83.62,1,2,2,0,70,212
江宁,36430,3,2,1,1,87.84,0,3,2,1,70,320
江宁,28626,2,1,3,暂无数据,42.62,1,3,14.66666667,1,70,122
鼓楼,31807,3,1,3,1,80.8,0,2,2,0,70,257
江宁,28456,2,1,1,1,71.69,1,3,33.33333333,1,70,204
江宁,15257,5,2,3,2,160.59,0,其他,2,0,70,245
建邺,55627,2,2,2,1,102.47,0,其他,2,1,70,570
江宁,20413,3,2,2,1,127.37,0,其他,2,0,70,260
秦淮,38878,2,2,2,1,82.31,0,2,2,0,70,320
江宁,30992,3,2,2,1,121,1,1,2,1,70,375
鼓楼,62959,2,1,1,1,62.74,0,3,2,0,70,395
秦淮,36451,2,2,3,1,87.79,0,2,2,0,70,320
鼓楼,35548,2,1,3,1,49.23,0,2,5,0,70,175
秦淮,26384,1,1,3,1,42.45,1,2,2,0,70,112
浦口,26749,3,2,3,1,114.4,1,其他,2,1,70,306
建邺,29178,3,2,3,3,129.55,0,2,2,0,70,378
浦口,22652,4,2,1,1,132,1,1,4,1,70,299
鼓楼,66249,2,1,3,1,57.36,1,其他,2,0,70,380
栖霞,37809,4,2,3,1,177.21,0,其他,2,1,70,670
玄武,41000,2,1,3,1,52.44,0,1,2,0,70,215
江宁,24732,4,2,1,1,143.54,1,其他,2,1,70,355
建邺,27915,2,1,3,1,59.11,0,3,3,0,70,165
栖霞,32308,3,2,2,1,98.43,0,其他,3,1,70,318
江宁,24762,3,2,1,1,105,0,其他,2,0,70,260
建邺,51070,3,2,2,3,130.41,0,3,2,1,70,666
鼓楼,70210,2,1,3,1,56.26,0,3,2,0,70,395
江宁,26658,2,2,3,1,87.78,0,其他,2,0,70,234
浦口,23951,3,1,3,1,141.96,0,1,1.5,1,70,340
建邺,44355,2,2,1,1,94.24,1,2,2,1,70,418
玄武,29237,4,2,3,1,164.18,0,3,1,1,70,480
江宁,26883,6,4,3,3,222.45,0,其他,2,1,70,598
秦淮,48637,2,1,2,1,57.57,0,其他,3.333333333,1,70,280
栖霞,37411,3,2,1,1,88.21,1,3,2,1,70,330
鼓楼,45902,2,1,2,1,54.9,0,2,2,1,70,252
建邺,32732,2,1,2,1,64.77,0,其他,2,0,70,212
江宁,19571,4,2,3,2,140.52,0,3,2,1,70,275
雨花台,26738,2,2,3,2,65.45,0,其他,2,0,70,175
建邺,28342,3,2,3,1,88.21,0,3,2,0,70,250
江宁,19054,5,3,3,3,204.69,0,其他,2,0,70,390
江宁,26229,3,2,2,1,87.69,0,其他,2,1,70,230
秦淮,34231,2,1,3,1,52,0,2,4,1,70,178
江宁,24591,2,2,2,错层,91.5,0,其他,2,0,70,225
浦口,27656,2,1,3,1,79.19,0,其他,2,1,70,219
玄武,36939,3,2,3,1,123.99,0,3,3,暂无数据,70,458
秦淮,25554,2,1,3,1,64.57,1,2,2,0,70,165
江宁,26432,5,2,3,1,245.92,0,其他,1,1,70,650
玄武,27932,2,1,2,1,58,1,3,2,0,70,162
秦淮,40381,3,1,3,1,69.34,0,2,2,0,70,280
江宁,32649,2,2,2,1,86.68,0,3,1.5,1,70,283
秦淮,36064,1,1,1,1,42.98,1,2,3,0,70,155
江宁,27143,3,2,1,1,128.21,0,其他,4,1,70,348
江宁,29295,3,2,2,1,117.77,0,其他,2,0,70,345
浦口,22543,3,2,2,1,106.02,0,3,2,1,70,239
江宁,27608,3,1,2,1,89.83,1,其他,2,1,70,248
秦淮,34115,2,2,1,1,75.92,0,2,2,0,70,259
建邺,37934,2,1,2,1,61.95,0,2,2,0,70,235
江宁,28927,3,2,2,1,103.71,0,3,2,0,70,300
秦淮,32098,2,1,2,1,76.33,0,其他,3,0,70,245
栖霞,34232,3,2,1,1,122.11,0,其他,2,1,70,418
建邺,30315,2,1,2,1,52.78,0,3,2,0,70,160
秦淮,44823,4,2,3,暂无数据,149.48,0,其他,2,1,70,670
秦淮,29742,2,1,2,1,50.77,0,2,2,0,70,151
建邺,51287,3,2,3,1,126.74,0,3,1,1,70,650
江宁,27265,3,2,3,1,132.04,0,其他,4,1,70,360
秦淮,27477,2,1,2,1,62.6,0,其他,2,0,70,172
建邺,28453,1,1,2,1,38.31,1,2,3,0,70,109
江宁,26395,2,2,2,1,84.11,0,3,2,1,70,222
江宁,26833,3,2,3,1,88.7,0,其他,2,1,70,238
鼓楼,36949,2,1,2,1,50.07,0,其他,3,0,70,185
浦口,24470,2,2,3,1,92.36,0,3,2,1,70,226
秦淮,22385,2,1,3,1,75.5,0,2,5,1,70,169
建邺,42783,2,2,3,1,81.81,0,其他,2,1,70,350
秦淮,41917,2,1,2,1,50.1,0,3,2,0,70,210
秦淮,34734,2,1,2,1,63.34,1,其他,25,1,70,220
栖霞,37499,2,2,2,1,94.67,0,3,2,1,70,355
玄武,36074,2,1,1,1,71.52,0,3,2.666666667,1,70,258
鼓楼,32792,3,1,3,1,70.14,0,其他,2,0,70,230
江宁,25664,3,2,1,1,100.53,0,3,3,1,70,258
建邺,40149,2,2,2,1,94.4,1,3,3,1,70,379
浦口,19655,2,1,3,1,67.16,1,3,2,0,70,132
秦淮,29233,2,1,1,1,57.47,1,其他,100,1,70,168
秦淮,34518,2,1,3,1,59.39,1,2,2,0,70,205
栖霞,25085,5,2,1,暂无数据,259.12,1,其他,2,1,70,650
玄武,38240,2,1,3,1,64.07,0,其他,50,1,70,245
雨花台,39176,3,2,1,1,117.42,0,1,2,1,70,460
鼓楼,36437,2,2,3,1,115.27,0,其他,1.333333333,1,70,420
栖霞,23728,2,1,3,1,61.11,1,其他,3,0,70,145
江宁,24034,4,2,1,1,147.71,0,其他,2,1,70,355
秦淮,32662,2,1,2,1,57.56,0,2,2,0,70,188
浦口,26428,2,1,3,1,93.84,1,2,1.5,1,70,248
鼓楼,27921,2,1,3,1,44.77,1,3,3,0,70,125
江宁,36824,2,1,3,1,81.47,1,3,2.333333333,1,70,300
秦淮,27482,2,1,2,1,63.68,0,其他,2,0,70,175
秦淮,46151,2,2,1,1,88.84,0,其他,2,1,70,410
鼓楼,65022,2,1,3,1,52.29,0,2,3,0,70,340
建邺,33504,2,1,2,1,62.68,0,3,2,0,70,210
鼓楼,67861,2,1,2,1,55.85,0,其他,2,0,70,379
建邺,30330,2,1,3,1,45.83,0,2,4,0,70,139
浦口,21317,3,2,1,1,106.96,0,其他,4,1,70,228
建邺,44829,2,1,1,2,91.46,0,2,50,1,70,410
玄武,27344,3,2,1,1,117.03,1,2,2,0,70,320
秦淮,49578,2,1,2,1,65.15,0,其他,25,1,70,323
建邺,44601,2,1,1,3,73.99,0,其他,25,1,70,330
鼓楼,67703,2,1,2,1,64.99,0,其他,4,0,70,440
江宁,25798,3,2,2,1,126.37,0,3,2,0,70,326
江宁,24958,3,1,2,1,100.97,0,其他,1.5,1,70,252
江宁,26584,2,2,2,1,76.74,0,2,4,1,70,204
江宁,29961,1,1,1,1,43.39,0,3,20,1,70,130
江宁,38429,3,2,3,1,127.51,1,3,1,1,70,490
浦口,24853,3,1,1,1,89.73,0,3,2,1,70,223
玄武,35739,2,1,2,1,60.16,0,其他,50,1,70,215
鼓楼,29357,2,1,3,1,64.38,0,2,2,0,70,189
玄武,29403,2,1,2,1,61.22,0,1,2,0,70,180
鼓楼,54888,2,2,2,1,78.16,0,3,2,0,70,429
栖霞,23421,2,1,2,1,53.8,1,3,3,1,70,126
浦口,22743,2,2,2,1,73.43,0,其他,3,1,70,167
秦淮,37227,1,1,3,1,42.98,1,3,3,0,70,160
鼓楼,25905,4,2,3,3,138.2,0,3,2,0,70,358
江宁,28313,3,1,2,1,137.75,0,其他,2,1,70,390
江宁,30687,2,2,3,1,76.58,1,3,50,1,70,235
玄武,67231,2,1,1,1,50.87,0,2,2,0,70,342
江宁,27740,3,2,1,1,124.73,0,其他,2,1,70,346
栖霞,24105,3,1,1,1,87.12,0,2,2,0,70,210
秦淮,38493,2,1,2,1,50.14,0,其他,2,1,70,193
秦淮,29993,2,1,3,1,51.68,1,3,2,1,70,155
浦口,22971,2,2,1,1,93.6,1,其他,1.5,1,70,215
雨花台,30611,2,1,2,1,62.07,0,2,2,0,70,190
浦口,19974,4,2,3,2,160.21,1,3,4,1,70,320
建邺,25890,2,1,3,1,58.71,1,3,2,0,70,152
江宁,27273,3,2,2,1,115.5,0,其他,2,0,70,315
江宁,26605,3,2,1,1,95.85,0,2,2,1,70,255
玄武,27116,2,1,3,1,70.07,0,3,2,0,70,190
江宁,23618,4,1,2,1,141,0,其他,2,0,70,333
江宁,25481,2,2,3,1,97.33,0,3,2,1,70,248
浦口,24687,2,1,3,1,69.27,1,3,2,1,70,171
建邺,24120,2,1,3,1,76.7,0,其他,2,0,70,185
浦口,21814,2,2,2,1,93.06,0,1,2,1,70,203
鼓楼,30551,2,2,1,1,85.76,1,1,2,0,70,262
浦口,27422,2,2,2,1,80.23,1,3,2,1,70,220
栖霞,23433,4,2,3,1,128.03,0,3,2,0,70,300
江宁,30011,2,2,2,1,84.97,1,其他,2,1,70,255
鼓楼,33899,3,1,1,1,70.8,0,其他,2,0,70,240
秦淮,30685,2,2,2,1,94.51,0,其他,2,1,70,290
江宁,21880,3,2,2,1,116.55,0,3,3,1,70,255
栖霞,21108,6,2,1,2,284.26,0,1,2,1,70,600
建邺,31612,2,1,1,1,78.77,0,其他,2,0,70,249
建邺,30478,2,1,2,1,45.28,0,3,2,0,70,138
秦淮,39118,3,2,2,1,107.37,0,其他,2,0,70,420
建邺,39281,3,2,2,1,111.71,0,3,2,0,70,438.8
江宁,19868,2,1,1,1,69.46,0,2,50,1,70,138
秦淮,43586,2,1,3,1,68.83,1,其他,4,0,70,300
鼓楼,25055,3,1,3,1,77.83,1,2,2,0,70,195
玄武,28072,2,1,1,1,62.34,1,3,2,0,70,175
建邺,44922,2,1,3,1,69.01,0,其他,5,1,65,310
江宁,22260,3,2,2,1,94.34,1,其他,2,暂无数据,70,210
建邺,38265,2,1,2,1,70.3,0,其他,6,1,70,269
江宁,20932,3,2,1,1,88.86,0,2,2,1,70,186
鼓楼,57863,5,2,2,3,165.91,0,3,2,1,70,960
浦口,18126,3,2,3,1,135.17,0,1,3,1,70,245
鼓楼,31151,2,1,2,1,69.34,0,2,2,0,70,216
秦淮,35788,2,1,2,1,78.24,0,其他,2,0,70,280
江宁,31700,2,1,2,1,81.39,1,其他,2.5,1,70,258
江宁,28368,3,2,1,1,147,0,3,2,1,70,417
江宁,30000,2,1,2,1,68,1,2,2,1,70,204
秦淮,37015,2,1,1,1,83.75,0,其他,2,1,70,310
鼓楼,66638,3,2,3,1,92.29,0,3,2,0,70,615
玄武,25820,3,1,3,1,81.72,0,2,2,0,70,211
秦淮,35290,3,2,2,1,118.45,1,2,2,1,70,418
江宁,33748,1,1,2,1,45.93,0,3,3,1,70,155
秦淮,28139,3,1,3,1,83.87,0,2,2,0,70,236
江宁,28445,3,2,3,1,137.11,0,其他,2,1,70,390
栖霞,30191,3,2,1,1,124.21,0,3,1,1,70,375
鼓楼,33138,3,1,2,1,86.91,0,2,2,0,70,288
雨花台,34280,2,2,2,1,83.14,1,3,2,1,70,285
秦淮,36406,3,1,2,1,87.35,0,3,2,0,70,318
秦淮,32448,2,1,2,1,57.94,0,其他,2,0,70,188
鼓楼,38413,3,2,2,1,132.77,0,1,50,1,70,510
鼓楼,79501,2,1,1,1,70.44,0,3,4,0,70,560
江宁,25839,3,2,1,1,99.85,0,3,2,1,70,258
江宁,32810,2,1,3,1,57.91,1,其他,7,1,70,190
江宁,18867,3,2,1,1,103.89,0,2,2,0,70,196
雨花台,29474,1,1,1,1,47.5,1,3,100,1,70,140
浦口,28346,3,2,2,1,116.42,0,1,2,1,70,330
江宁,26216,2,2,3,2,83.92,0,其他,2,0,70,220
江宁,25010,2,2,1,1,108.76,0,其他,2,1,70,272
鼓楼,27845,2,1,3,1,66.44,1,2,2,0,70,185
江宁,30243,4,2,2,1,134.91,0,2,2,1,70,408
鼓楼,30673,7,2,3,1,264.08,0,其他,1,1,70,810
秦淮,28917,2,1,1,1,50.49,0,其他,2,0,70,146
浦口,28503,2,1,3,1,82.8,0,其他,1.5,1,70,236
浦口,23011,3,2,1,1,112.99,0,3,3,1,70,260
建邺,31608,2,1,3,1,59.48,0,3,2,0,70,188
江宁,28949,3,2,3,1,133.34,0,其他,4,1,70,386
雨花台,42155,3,2,2,1,137.59,0,2,2,1,70,580
玄武,46549,2,2,2,1,68.96,1,3,3,0,70,321
江宁,27053,3,2,1,1,128.64,0,其他,1.5,1,70,348
鼓楼,69005,2,1,1,1,53.33,0,3,2,0,70,368
栖霞,37317,3,2,2,1,125.95,0,其他,2,0,70,470
秦淮,29249,4,3,2,1,164.11,0,3,1,0,70,480
雨花台,21729,4,2,2,1,158.78,0,其他,2,0,70,345
鼓楼,50863,2,1,2,1,45.22,1,其他,2,0,70,230
秦淮,29883,2,1,2,1,61.24,1,其他,2,0,70,183
江宁,23465,4,2,2,错层,125.72,0,2,2,0,70,295
鼓楼,27186,2,1,3,1,56.28,0,3,3,0,70,153
江宁,28924,3,1,1,暂无数据,44.6,0,其他,16.5,1,70,129
江宁,31114,4,1,3,3,167.13,0,其他,1,1,70,520
建邺,35239,3,2,2,1,114.93,0,其他,2,0,70,405
江宁,24368,4,2,2,1,163.33,0,其他,2,1,70,398
鼓楼,53519,1,1,3,1,37.37,1,1,3,0,70,200
鼓楼,77683,2,1,1,1,61.79,0,2,2,0,70,480
浦口,22560,2,1,3,1,71.81,0,2,3,1,70,162
秦淮,29688,2,1,3,1,64,1,其他,5,1,70,190
秦淮,68244,1,1,2,1,33.41,0,3,4,0,70,228
江宁,30871,4,2,3,3,167.8,0,1,2,1,70,518
雨花台,25741,3,1,2,1,87.41,1,3,3,1,70,225
鼓楼,32296,2,1,2,1,68.12,0,其他,2,0,70,220
秦淮,46803,3,1,3,1,75.21,0,2,4,1,70,352
鼓楼,34007,2,2,2,1,89.69,0,3,3,1,70,305
江宁,33179,2,1,1,2,45.21,0,2,20,1,70,150
栖霞,34832,3,2,1,1,89,0,3,1,1,70,310
雨花台,33859,3,2,2,1,107.8,0,2,2,1,70,365
鼓楼,75015,3,2,2,1,84.65,0,3,2,0,70,635
秦淮,62952,2,1,2,1,48.45,0,3,2,0,70,305
浦口,20717,6,2,3,2,115.85,1,其他,2,0,70,240
栖霞,28449,2,1,2,1,44.29,0,3,2,0,70,126
江宁,25006,3,2,3,1,129.97,0,其他,4,1,70,325
秦淮,36776,3,2,2,1,99.25,0,3,2,0,70,365
建邺,50725,3,2,2,暂无数据,110.4,0,2,2,1,70,560
栖霞,22001,4,1,3,3,127.27,0,3,2,0,70,280
鼓楼,60844,2,1,3,1,50.95,0,2,2,1,70,310
建邺,29702,3,1,2,1,69.02,0,2,3,0,70,205
浦口,18625,2,2,2,1,101.48,0,2,2,1,70,189
鼓楼,26703,2,1,3,2,48.31,1,2,2,0,70,129
浦口,24211,3,2,1,1,95,0,2,2,1,70,230
浦口,22576,2,2,2,1,85.49,0,3,2,0,70,193
秦淮,33222,3,1,2,1,71.64,0,其他,2,0,70,238
秦淮,29895,1,1,1,1,40.81,0,其他,2,0,70,122
鼓楼,50526,2,1,3,1,98.96,1,3,1.5,1,70,500
栖霞,33401,3,1,1,1,113.77,0,3,1,1,70,380
建邺,34319,3,2,3,1,113.06,0,2,2,0,70,388
鼓楼,26634,2,1,1,1,48.81,0,2,2,0,70,130
鼓楼,40838,3,1,3,1,78.36,0,2,2,0,70,320
江宁,20162,2,1,1,1,79.36,0,2,1.5,1,70,160
浦口,20000,4,2,3,1,141.5,0,其他,3,1,70,283
玄武,28115,3,1,2,1,69.36,0,2,2,0,70,195
浦口,24174,2,2,2,1,87.7,0,其他,2,0,70,212
玄武,25819,2,1,2,1,65.07,0,其他,3,1,70,168
雨花台,31387,2,1,1,2,68.5,1,其他,100,1,70,215
雨花台,25626,2,2,3,1,81.95,0,2,2,0,70,210
江宁,21867,4,2,2,1,134.91,0,其他,2,0,70,295
江宁,22272,3,2,2,1,85.31,0,其他,2,1,70,190
江宁,22193,4,2,2,1,166.72,0,其他,2,0,70,370
鼓楼,31219,2,1,1,1,59.58,0,1,2,0,70,186
秦淮,35904,4,2,2,1,250.67,0,其他,1.5,1,70,900
浦口,22192,3,2,1,1,108.15,0,3,2,1,70,240
江宁,20948,1,1,2,1,67.79,1,2,8,1,70,142
栖霞,23668,4,1,3,3,84.08,0,3,2,0,70,199
浦口,23240,3,1,1,1,142,0,3,1.5,1,70,330
秦淮,56998,2,1,2,1,47.02,0,2,2,0,70,268
浦口,23792,2,2,2,1,79.86,0,3,2,0,70,190
玄武,43418,4,2,3,3,122.07,1,其他,2,0,70,530
鼓楼,51466,3,2,1,3,75.39,0,其他,33.33333333,1,70,388
玄武,30689,3,1,2,1,68.43,1,2,3,0,70,210
鼓楼,56403,3,1,1,1,121.98,0,2,4,1,70,688
建邺,34618,3,1,3,1,94.75,0,其他,2,0,70,328
鼓楼,57895,3,2,2,1,123.5,0,2,2,0,70,715
江宁,22916,3,2,3,1,102.55,0,其他,2,0,70,235
栖霞,30196,3,2,3,1,104.32,0,其他,2,1,70,315
浦口,22299,3,2,2,1,118.84,0,3,2,1,70,265
江宁,26936,3,2,2,1,126.97,0,其他,4,1,70,342
江宁,28473,2,2,3,1,89.91,0,3,3,1,70,256
雨花台,39609,3,2,3,1,133.81,1,其他,2,1,70,530
栖霞,26130,2,1,3,1,86.11,0,其他,2,0,70,225
建邺,60811,1,2,1,3,79.92,0,3,50,1,70,486
栖霞,23101,3,1,1,1,106.06,0,其他,2,0,70,245
建邺,46310,3,2,3,1,137.77,1,其他,1.5,1,70,638
江宁,34752,2,2,2,1,88.63,0,其他,2.333333333,1,70,308
玄武,36435,3,2,2,1,123.51,1,3,2,1,70,450
浦口,20170,3,2,1,1,118.99,0,1,2,1,70,240
江宁,28507,3,2,2,1,87.35,0,其他,2,0,70,249
鼓楼,70910,2,1,2,1,56.41,0,3,2,0,70,400
雨花台,35622,3,2,2,1,123.52,0,其他,1.5,1,70,440
建邺,34710,2,1,2,1,66.84,0,其他,2,0,70,232
浦口,22324,3,2,3,1,89.59,0,2,2,1,70,200
江宁,22326,2,2,2,1,73.01,1,其他,2,0,70,163
鼓楼,47349,3,2,3,1,132,0,其他,1,1,70,625
江宁,26246,3,2,1,1,100.97,1,3,1.5,1,70,265
江宁,26042,3,1,1,1,109.44,1,其他,2,0,70,285
鼓楼,30624,3,2,3,1,137.15,0,3,2,0,70,420
江宁,20220,3,2,3,2,121.17,1,2,2,0,70,245
鼓楼,36143,5,2,3,2,157.71,1,2,2,0,70,570
秦淮,34120,3,1,1,1,64.48,0,1,2,0,70,220
栖霞,19989,3,1,2,1,86.05,0,其他,2,0,70,172
秦淮,29599,2,1,2,1,47.3,0,其他,2,0,70,140
栖霞,27223,3,2,3,1,127.1,0,2,2,0,70,346
江宁,31969,3,1,2,1,100.1,1,其他,2,0,70,320
江宁,35574,3,2,3,1,88.55,0,3,2,暂无数据,70,315
江宁,19931,3,2,2,1,135.47,0,3,2,0,70,270
秦淮,37111,3,2,3,1,106.44,0,3,2,0,70,395
鼓楼,47900,2,0,3,1,54.28,0,其他,3,0,70,260
秦淮,31149,3,2,3,1,89.57,0,2,2,0,70,279
江宁,32157,3,2,1,1,82.41,0,其他,2,1,70,265
秦淮,31147,3,2,2,1,102.74,1,其他,2,0,70,320
江宁,22614,2,1,3,1,61.91,0,其他,18.5,1,70,140
浦口,17655,4,2,3,3,134.81,1,3,2,0,70,238
江宁,25517,3,2,2,1,125.41,0,其他,2,0,70,320
栖霞,32998,4,2,3,1,143.95,0,1,2,0,70,475
江宁,30988,3,2,2,1,90.36,1,其他,1.5,1,70,280
江宁,23332,3,2,3,1,113.58,1,3,2,0,70,265
鼓楼,46277,2,2,1,1,116.69,0,2,1,1,70,540
秦淮,33996,4,2,3,2,125.9,0,2,2,0,70,428
浦口,25282,2,2,2,1,61.31,0,其他,3,0,70,155
鼓楼,48959,2,1,3,1,65.77,0,2,2,0,70,322
江宁,26416,2,1,3,1,79.5,1,其他,2,1,70,210
秦淮,29999,2,1,2,1,61.67,1,其他,4,0,70,185
玄武,30058,3,1,2,1,71.53,0,1,2,0,70,215
建邺,33716,2,2,2,1,70.59,1,其他,2,0,70,238
秦淮,38982,2,2,2,1,76.19,0,其他,2,0,70,297
玄武,24517,2,1,3,1,69.34,1,3,2,0,70,170
江宁,16012,4,3,3,2,137.4,1,其他,1,0,70,220
浦口,20595,3,2,3,1,130.13,0,3,2,0,70,268
秦淮,40406,3,1,3,1,97.76,0,1,2,1,70,395
栖霞,35258,3,2,1,1,97,0,3,4,暂无数据,70,342
鼓楼,47037,3,1,1,1,74.41,1,3,2,0,70,350
建邺,42083,3,2,3,1,102.18,0,3,2,1,70,430
浦口,20684,3,2,2,1,120.87,0,1,2,1,70,250
建邺,30636,1,1,3,1,47.33,1,2,2,0,70,145
江宁,29291,3,2,2,1,104.13,1,2,4,1,70,305
秦淮,31556,1,1,2,1,39.93,1,其他,2,0,70,126
栖霞,31812,3,2,2,1,125.74,0,其他,2,1,70,400
鼓楼,80261,2,1,2,1,62.92,1,2,2,0,70,505
江宁,35781,4,2,2,3,167.13,1,其他,1,1,70,598
江宁,27049,1,1,1,1,37.34,0,3,46,0,70,101
江宁,20679,3,2,3,错层,128.15,0,2,2,0,70,265
浦口,39398,3,2,3,1,86.3,0,3,1.333333333,1,70,340
江宁,16415,3,2,3,2,102.35,1,其他,2,0,70,168
江宁,32629,2,1,2,1,65.28,1,其他,1.5,1,70,213
建邺,48326,3,2,2,1,133.47,0,3,1.5,1,70,645
栖霞,32927,3,2,3,1,95.06,1,3,2,1,70,313
秦淮,34992,4,2,2,1,118.6,0,其他,2,0,70,415
鼓楼,67472,2,1,3,1,70.4,0,2,2,0,70,475
鼓楼,65161,3,1,1,1,83.64,0,3,2,0,70,545
雨花台,33779,2,1,2,2,38.19,0,2,10.16666667,1,70,129
秦淮,36260,3,1,1,1,91.01,0,其他,2,0,70,330
建邺,41935,4,2,1,1,224.16,0,其他,1,1,70,940
秦淮,42756,4,2,3,2,85.37,0,3,2,0,70,365
鼓楼,28708,3,2,3,1,101.02,0,2,2,1,70,290
江宁,20104,3,2,2,1,125.35,0,其他,2,0,70,252
鼓楼,45168,2,1,2,1,66.42,0,其他,2,0,70,300
秦淮,39512,2,1,2,1,63.02,1,其他,5,1,70,249
鼓楼,106925,2,1,1,1,49.1,0,其他,2,0,70,525
秦淮,33705,2,2,2,1,77.14,0,其他,2,0,70,260
栖霞,29004,3,2,2,1,126.88,0,1,2,1,70,368
建邺,43786,3,1,1,1,118.99,0,其他,0.75,1,70,521
建邺,34348,5,3,3,2,112.38,1,其他,2,0,70,386
秦淮,30899,3,1,2,1,66.67,0,2,2,0,70,206
雨花台,41330,2,1,2,1,58.07,0,3,2,0,70,240
浦口,23004,3,2,2,1,104.33,0,3,3,1,70,240
江宁,24118,3,2,2,1,135.17,0,其他,2,0,70,326
鼓楼,43590,3,1,2,1,74.56,1,其他,3,1,70,325
栖霞,36735,5,2,3,1,133.39,0,其他,2,1,70,490
浦口,22091,5,2,3,2,84.65,0,其他,2,0,70,187
秦淮,35001,3,2,1,1,138.57,0,其他,2,0,70,485
江宁,26163,3,2,3,1,118.49,0,其他,3,1,70,310
江宁,39584,2,1,2,2,48,1,3,51,1,70,190
秦淮,27576,3,1,3,1,79.78,0,其他,1,暂无数据,70,220
秦淮,33015,3,2,1,1,102.38,0,其他,2,0,70,338
建邺,30161,2,1,2,1,53.05,0,其他,2,0,70,160
江宁,24599,2,1,3,1,80.9,1,3,2,0,70,199
建邺,47704,3,2,3,1,129.97,1,其他,2,1,70,620
江宁,30257,5,2,1,3,201.61,0,其他,2,0,70,610
秦淮,27080,3,1,2,1,77.18,0,其他,2,0,70,209
建邺,42166,3,2,2,1,101.98,1,其他,2,0,70,430
秦淮,39881,3,2,3,1,104.06,1,3,2,0,70,415
建邺,42658,3,1,1,1,120.73,0,其他,1.5,1,70,515
浦口,19814,2,1,1,1,67.53,1,3,2,0,70,133.8
秦淮,24486,3,1,3,1,77.19,0,其他,2,0,70,189
浦口,23884,2,2,2,1,90.02,0,其他,2,1,70,215
玄武,30137,3,2,1,暂无数据,149.32,0,其他,2,0,70,450
秦淮,36540,2,1,2,1,84.84,0,其他,2,0,70,310
建邺,46301,3,1,3,1,112.31,0,3,2,1,70,520
浦口,25503,3,2,2,1,103.91,0,3,2,1,70,265
鼓楼,32494,2,1,2,1,54.78,0,2,2,0,70,178
建邺,52011,4,2,1,1,142.28,0,3,1.5,1,70,740
鼓楼,37348,2,1,2,1,62.12,1,3,2,0,70,232
秦淮,38508,3,2,3,1,108.55,1,其他,2,1,70,418
雨花台,26102,3,1,3,1,73.56,0,其他,3.5,1,70,192
鼓楼,33588,3,1,2,1,70.86,1,2,2,0,70,238
栖霞,39389,4,2,3,1,148.52,1,3,2,1,70,585
建邺,61088,2,2,1,3,87.58,0,其他,50,1,70,535
江宁,24604,3,2,2,1,134.94,0,其他,2,1,70,332
秦淮,28559,2,1,1,1,65.83,0,2,2,0,70,188
鼓楼,83399,2,1,1,1,51.32,0,2,2,0,70,428
江宁,26090,4,2,1,1,162.9,0,1,2,1,70,425
江宁,22816,3,2,2,1,85.47,0,其他,2,1,70,195
鼓楼,32982,2,1,1,1,53.97,0,其他,4,0,70,178
秦淮,31489,2,1,1,1,62.88,0,1,2,0,70,198
江宁,29475,3,1,2,1,98.39,0,其他,1,0,70,290
浦口,29030,3,2,2,1,119.88,0,其他,2,1,70,348
建邺,35486,3,2,3,1,112.16,0,其他,2,1,70,398
栖霞,27837,2,1,2,1,66.46,1,2,2,0,70,185
玄武,49129,3,1,2,1,79.79,0,2,3,0,70,392
鼓楼,70368,3,2,1,1,88.82,0,2,2,0,70,625
江宁,32208,3,2,2,1,139.72,0,其他,2,1,70,450
雨花台,44342,2,2,2,1,99.23,0,3,2,1,70,440
江宁,25542,3,1,3,1,105.32,0,其他,4,1,70,269
秦淮,38330,2,1,3,1,43.83,0,其他,2,0,70,168
雨花台,26858,3,1,3,1,87.5,1,其他,1.5,1,70,235
江宁,35769,2,1,3,暂无数据,46.13,0,3,21.5,1,70,165
江宁,22870,2,1,3,1,89.64,0,1,2,1,70,205
秦淮,31565,2,1,1,1,51.64,0,3,2,0,70,163
建邺,50852,3,2,2,1,123.89,0,3,1,1,70,630
鼓楼,33340,2,1,3,1,52.49,1,其他,1,0,70,175
玄武,24919,3,1,2,1,92.3,0,其他,2,0,70,230
秦淮,29846,2,1,2,1,56.96,1,其他,2,0,70,170
玄武,50891,3,1,2,1,90.39,0,2,3,0,70,460
秦淮,32797,2,1,1,1,68.91,0,3,2,0,70,226
江宁,34933,3,2,1,1,130.25,0,其他,2,1,70,455
浦口,22491,2,2,3,1,90.26,0,3,2,1,70,203
江宁,30496,3,2,1,1,127.23,0,其他,2,1,70,388
江宁,30122,3,1,1,1,98.27,1,其他,4,1,70,296
玄武,53038,3,1,1,1,72.59,0,2,2,1,70,385
浦口,25595,3,2,3,1,115.26,0,3,2,1,70,295
秦淮,48849,3,1,2,1,61.21,1,2,4,0,70,299
栖霞,28205,2,1,2,1,51.41,1,其他,3,0,70,145
浦口,23871,2,2,2,1,85.88,0,其他,2,0,70,205
浦口,19171,2,2,3,1,89.72,0,3,2,0,70,172
秦淮,33227,3,1,3,1,77.95,0,2,50,1,65,259
雨花台,31701,3,1,2,1,86.75,1,3,2,1,70,275
玄武,26959,3,1,3,3,66.77,1,3,2,0,70,180
浦口,25624,3,2,3,1,105.37,0,1,4,1,70,270
秦淮,30762,2,1,1,1,61.44,1,3,2,0,70,189
江宁,23445,1,1,3,1,55.45,0,其他,4,1,70,130
江宁,24253,3,2,1,1,125.76,0,其他,4,1,70,305
秦淮,38293,3,1,1,1,70.51,0,其他,5,0,70,270
玄武,30384,3,1,2,1,101.37,0,其他,2,1,70,308
鼓楼,28363,2,1,2,1,64.17,0,2,2,1,70,182
秦淮,32618,2,1,2,1,47.52,1,其他,10,0,70,155
秦淮,33416,1,1,2,1,44.59,1,1,3,0,70,149
秦淮,28512,2,1,2,1,62.43,0,其他,2,0,70,178
雨花台,39040,3,2,2,1,135.76,0,其他,2,1,70,530
浦口,22660,3,2,3,1,121.36,0,2,2,1,70,275
浦口,22523,3,2,3,1,111,0,其他,1.5,1,70,250
浦口,26952,3,2,3,1,85.34,0,其他,2,0,70,230
秦淮,33525,3,1,2,1,59.36,0,3,3,0,70,199
江宁,28998,2,2,3,1,93.11,1,其他,1.5,1,70,270
栖霞,20319,3,2,3,1,84.65,0,其他,2,0,70,172
鼓楼,28768,3,1,3,1,81.69,1,其他,2,0,70,235
鼓楼,47840,3,2,1,1,129.6,0,1,1.5,1,70,620
浦口,26313,2,1,3,1,71.45,1,3,3,1,70,188
浦口,17103,6,2,3,2,239.73,0,1,2,1,70,410
浦口,28612,3,2,2,1,107.65,0,1,1.5,1,70,308
浦口,27374,2,2,3,1,80.37,1,其他,2,1,70,220
浦口,21581,3,2,2,1,136.7,0,其他,2,0,70,295
江宁,32498,2,1,3,1,63.39,1,3,3.5,1,70,206
建邺,59244,3,2,3,1,100.94,0,其他,2,1,70,598
建邺,45461,2,2,2,1,72.59,1,3,2,1,70,330
江宁,27912,2,2,1,1,85.27,1,3,1.5,1,70,238
鼓楼,69539,2,1,3,1,57.81,0,2,2,0,70,402
浦口,22554,2,2,2,1,91.78,0,3,2,1,70,207
秦淮,36708,2,2,2,1,89.9,0,其他,2,1,70,330
浦口,23090,3,2,1,1,107.41,0,1,2,1,70,248
浦口,20355,3,2,3,1,130.19,0,其他,2,1,70,265
鼓楼,51208,3,1,1,1,82.02,1,其他,3,0,70,420
建邺,32878,2,1,3,1,54.14,0,其他,3,0,70,178
浦口,26563,3,2,3,1,111.06,0,2,1.5,1,70,295
浦口,20145,3,2,2,1,110.7,1,2,2,1,70,223
玄武,23515,2,1,3,1,64.64,0,3,2,0,70,152
鼓楼,52511,1,1,2,1,39.04,1,2,4,0,70,205
秦淮,36142,3,2,3,1,103.76,0,3,2,1,70,375
江宁,22265,4,2,2,1,148.22,0,其他,2,1,70,330
秦淮,25259,3,2,3,1,85.12,0,1,3.5,1,70,215
江宁,20162,3,2,2,1,124,1,其他,1.5,1,70,250
江宁,20373,3,2,2,1,125.17,0,其他,2,1,70,255
江宁,25994,3,2,1,1,128.88,0,其他,2,0,70,335
栖霞,34427,5,2,3,3,146.69,1,其他,2,1,70,505
江宁,30295,2,2,2,1,68,1,3,2,1,70,206
江宁,21064,3,1,3,1,87.83,0,3,2,1,70,185
栖霞,22582,3,1,2,1,82.81,0,3,2,0,70,187
秦淮,33609,3,1,3,1,84.8,0,2,2,1,70,285
雨花台,33876,3,2,1,1,117.49,0,其他,2,1,70,398
浦口,25382,3,2,2,1,89.83,0,3,2,1,70,228
江宁,40355,3,1,2,1,87.97,1,3,2,1,70,355
江宁,21542,3,2,3,1,123.48,0,其他,2,0,70,266
江宁,36872,2,1,2,暂无数据,49.09,1,3,10,0,70,181
江宁,22590,2,1,3,1,70.74,0,其他,2,0,70,159.8
江宁,30570,3,2,2,1,107.95,1,3,2,1,70,330
浦口,25244,2,2,2,1,86.36,1,3,4,1,70,218
栖霞,27426,3,1,2,1,87.51,1,其他,2,0,70,240
鼓楼,26456,2,1,3,1,73.71,0,2,2,0,70,195
江宁,20492,2,1,3,1,68.32,1,3,5,1,70,140
秦淮,34335,3,1,1,1,69.9,0,其他,2,0,70,240
秦淮,36802,2,2,2,1,89.67,0,其他,2,1,70,330
鼓楼,54858,3,1,2,1,93.88,0,3,3,0,70,515
建邺,32351,2,2,2,1,94.28,0,2,2,0,70,305
浦口,27900,2,1,1,1,82.44,1,2,2,1,70,230
浦口,30694,3,2,2,1,110.12,0,其他,2,1,70,338
鼓楼,28369,2,1,3,1,67.68,1,2,2,0,70,192
江宁,27840,3,2,1,1,113.15,0,2,2,1,70,315
秦淮,31774,3,2,1,1,129.04,0,其他,3,1,70,410
江宁,13944,2,2,3,1,88.21,0,其他,2,0,70,123
建邺,33716,3,1,1,1,93.43,0,其他,2,0,70,315
鼓楼,36221,3,2,2,1,99.39,0,3,2,0,70,360
江宁,16803,3,2,2,1,89.27,1,其他,4,1,70,150
浦口,24989,2,1,2,1,89.24,1,2,2,1,70,223
玄武,32069,2,1,2,1,74.84,0,2,4.5,1,70,240
鼓楼,40544,4,2,3,1,128.75,0,3,1,0,70,522
玄武,26205,3,1,3,1,87.77,0,2,3,1,70,230
秦淮,47817,2,2,3,3,60.23,0,其他,8,1,70,288
玄武,38560,3,2,2,1,94.66,0,2,2,0,70,365
六合,14076,2,2,1,1,81.7,0,3,2,0,70,115
秦淮,25434,3,2,3,1,121.1,0,其他,2,0,70,308
秦淮,29762,2,1,3,1,70.56,0,2,4,1,70,210
江宁,30877,3,2,3,3,126.31,0,其他,1,1,70,390
秦淮,28724,2,2,3,1,94,0,2,5,1,70,270
江宁,22425,2,2,3,1,86.96,0,其他,1.5,1,70,195
玄武,29226,1,1,2,1,44.14,0,其他,2,0,70,129
栖霞,26273,2,1,2,1,48.72,1,其他,4,0,70,128
鼓楼,40800,3,2,1,1,98.04,0,其他,3,0,70,400
玄武,29215,2,1,2,1,50.66,0,1,3,0,70,148
江宁,20835,3,2,2,1,127.19,0,2,2,0,70,265
浦口,26120,3,2,2,1,89.97,0,3,2,1,70,235
江宁,26632,2,1,1,1,75.1,1,2,2,0,70,200
鼓楼,37627,2,1,1,1,79.73,0,其他,3,1,70,300
江宁,22231,3,2,2,1,85.47,1,3,2,1,70,190
浦口,23999,3,2,2,1,140.01,0,1,1.5,1,70,336
浦口,23629,3,1,2,1,104.96,0,2,2,1,70,248
江宁,20402,2,1,2,1,58.82,0,2,70,1,70,120
秦淮,35196,2,1,1,1,65.35,1,3,5,1,70,230
江宁,19511,2,2,3,1,94.31,1,3,2,0,70,184
江宁,19912,3,2,3,1,87.89,0,其他,2,1,70,175
建邺,41086,3,1,3,1,92.49,0,其他,2,0,70,380
鼓楼,43981,5,3,1,暂无数据,200.09,0,3,2,0,70,880
秦淮,34167,2,1,3,1,64.39,0,3,2,0,70,220
建邺,39853,1,1,2,1,81.55,0,3,25,1,70,325
秦淮,40356,2,1,3,1,91.19,0,其他,4,1,70,368
雨花台,26242,2,1,2,1,70.5,1,其他,2,0,70,185
鼓楼,71361,2,1,2,1,41.76,1,其他,9,0,70,298
江宁,19809,4,2,2,1,146.4,0,其他,2,0,70,290
江宁,27927,4,2,3,1,137.86,0,其他,1.5,1,70,385
秦淮,40191,4,2,1,1,268.72,0,3,1,1,70,1080
鼓楼,50724,3,2,3,1,134.06,0,2,2,0,70,680
浦口,20502,4,2,2,1,141.45,0,2,3,1,70,290
栖霞,32872,3,1,3,1,50.5,0,其他,2,0,70,166
建邺,46854,5,3,3,2,192.09,0,3,2,0,70,900
秦淮,33432,3,1,3,1,101.7,0,其他,2,0,70,340
栖霞,36824,4,2,3,1,168.37,0,其他,2,1,70,620
鼓楼,67153,2,2,2,1,90.54,0,2,2,0,70,608
江宁,25869,2,2,2,1,115.2,0,3,2,0,70,298
栖霞,24384,3,2,3,1,73.82,0,2,2,0,70,180
江宁,23329,3,2,3,错层,124.31,0,其他,2,0,70,290
鼓楼,121373,1,1,2,1,37.9,1,其他,5,0,70,460
建邺,42325,3,2,3,1,121.68,1,其他,2,1,70,515
玄武,32962,1,1,2,1,43.08,0,其他,25,1,70,142
秦淮,48536,2,1,1,1,58.72,0,其他,5,1,70,285
秦淮,35513,2,2,3,1,97.15,0,2,2,1,70,345
玄武,25977,2,1,3,1,55.82,1,2,4,1,70,145
秦淮,24540,2,1,2,1,75.39,1,3,5,1,70,185
鼓楼,34204,2,1,3,1,50.58,0,3,2,0,70,173
秦淮,27660,3,1,2,1,79.54,0,2,2,0,70,220
浦口,21533,2,2,1,1,96.6,0,2,2,0,70,208
浦口,22887,3,1,1,1,115.79,0,其他,2,1,70,265
江宁,23757,2,2,2,1,89.24,0,3,4,0,70,212
建邺,33170,3,2,3,1,99.49,0,其他,4,0,70,330
栖霞,22936,2,1,3,1,79.79,0,其他,2,0,70,183
江宁,27152,4,1,1,1,136.27,0,其他,1.5,1,70,370
江宁,24874,2,1,3,3,51.46,0,其他,14.66666667,1,70,128
江宁,28509,3,2,2,1,90.5,1,其他,2,1,70,258
江宁,28101,2,2,3,1,98.93,1,3,1.5,1,70,278
江宁,29528,2,2,2,1,86.36,0,其他,3,1,70,255
秦淮,42389,2,1,3,1,54.26,0,2,2,0,70,230
江宁,21962,4,2,2,3,213.1,0,其他,2,1,70,468
秦淮,46704,3,1,1,1,91,0,其他,2,1,70,425
鼓楼,27732,2,1,3,1,59.5,0,2,2,0,70,165
秦淮,40061,3,1,3,1,79.88,1,3,50,1,65,320
浦口,24297,3,2,1,1,129.65,0,其他,2,1,70,315
栖霞,18900,3,1,1,1,88.89,1,2,4,0,70,168
秦淮,47390,3,1,3,1,60.14,0,3,2,0,70,285
秦淮,24934,3,1,3,1,82.22,0,其他,2,1,70,205
鼓楼,25399,3,1,2,1,75.2,0,3,3,0,70,191
鼓楼,28430,3,1,2,1,123.11,0,其他,2,1,70,350
江宁,30281,4,2,3,2,66.05,0,其他,2,0,70,200
秦淮,29789,2,1,1,1,57.74,1,其他,5,0,70,172
建邺,42736,3,2,1,1,121.68,0,其他,1.5,1,70,520
鼓楼,65179,2,1,1,1,50.63,0,2,8,0,70,330
秦淮,28044,1,1,3,1,42.79,0,3,2,0,70,120
江宁,29014,3,2,2,1,87.2,1,其他,4,0,70,253
浦口,25570,2,2,2,1,89.17,0,3,2,0,70,228
江宁,22640,3,2,3,1,106.01,0,1,2,0,70,240
鼓楼,60510,3,1,1,1,78.5,0,其他,3,0,70,475
玄武,29282,3,1,2,1,79.23,0,3,2,0,70,232
秦淮,30016,2,1,2,1,51.64,1,2,2,0,70,155
浦口,22172,2,1,2,1,83.89,0,1,3,1,70,186
鼓楼,32628,2,1,3,1,52.41,0,其他,2,0,70,171
江宁,24037,3,3,3,2,262.1,0,1,2,1,70,630
建邺,39956,3,2,3,1,142.66,0,其他,1.5,1,70,570
雨花台,51725,2,1,2,1,89.9,1,3,2,1,70,465
浦口,21776,2,2,2,1,83.58,0,3,3,1,70,182
江宁,18376,3,2,1,1,125.17,0,其他,2,1,70,230
秦淮,52281,2,1,2,1,64.46,0,3,4,0,70,337
鼓楼,39102,3,2,1,1,127.36,0,其他,3,1,70,498
江宁,17061,3,2,3,1,139.5,0,其他,2,0,70,238
鼓楼,77249,3,1,3,1,80.26,0,3,2,0,70,620
鼓楼,27781,3,2,3,2,107.27,0,3,1,0,70,298
建邺,30670,3,2,2,1,107.6,0,3,4,0,70,330
江宁,22936,3,1,1,1,122.08,0,3,1.5,1,70,280
浦口,24840,2,2,1,1,65.62,1,2,3,1,70,163
秦淮,31600,2,1,1,1,60.76,1,2,2,0,70,192
江宁,29480,4,2,1,1,150.95,0,其他,2,0,70,445
江宁,26989,3,2,2,1,140.8,0,3,2,1,70,380
六合,12668,4,2,2,1,142.1,0,其他,2,0,70,180
秦淮,33791,2,1,1,1,53.27,1,2,3,0,70,180
秦淮,37087,2,1,1,1,59.32,0,其他,3,1,70,220
栖霞,32031,2,2,2,1,73.68,1,3,2,0,70,236
鼓楼,58020,5,2,2,1,146.33,0,3,2,1,70,849
建邺,30973,4,2,3,2,97.83,0,其他,2,0,70,303
建邺,29927,2,1,1,1,65.16,0,其他,2,0,70,195
江宁,23640,3,2,3,1,98.14,0,其他,2,1,70,232
鼓楼,32701,2,2,1,1,75.84,0,2,2,0,70,248
江宁,25091,3,2,2,1,137.5,0,1,2,1,70,345
秦淮,35831,2,1,2,1,46.05,1,3,2,0,70,165
秦淮,33647,3,1,1,1,78.76,1,3,2,1,70,265
秦淮,59257,2,1,2,1,50.29,0,2,2,0,70,298
鼓楼,35461,3,2,3,1,112.52,0,其他,3,0,70,399
建邺,52143,3,2,1,1,140,1,3,1.5,1,70,730
秦淮,56004,2,1,2,1,43.39,0,2,3,0,70,243
浦口,19703,2,2,2,1,91.36,0,2,2,0,70,180
江宁,19484,4,2,1,1,143.71,0,其他,2,0,70,280
浦口,22658,2,2,2,1,91.8,1,3,2,1,70,208
鼓楼,73185,2,1,1,1,53.29,1,其他,3,0,70,390
江宁,26867,3,2,3,1,141.44,0,其他,4,1,70,380
建邺,39816,3,2,2,1,151.95,0,3,50,1,70,605
江宁,22065,3,2,2,1,111.04,0,其他,3,1,70,245
鼓楼,24962,2,1,3,1,52.08,0,2,2,0,70,130
江宁,25486,1,1,3,1,41.2,0,其他,5,0,70,105
江宁,26016,2,2,3,1,75.34,0,2,2,0,70,196
栖霞,30527,2,1,1,1,47.5,0,其他,3,0,70,145
浦口,22708,2,2,3,1,81.91,0,2,2,1,70,186
雨花台,46358,3,2,2,1,135.9,0,3,2,1,70,630
江宁,23184,5,2,3,2,198.42,0,其他,2,0,70,460
浦口,25109,4,2,2,1,140.19,0,其他,1.5,1,70,352
江宁,23288,3,1,2,1,103.06,0,其他,2,0,70,240
建邺,58503,2,2,3,1,100.85,0,其他,2,1,70,590
鼓楼,81989,1,1,3,1,39.03,0,其他,2,0,70,320
秦淮,31338,2,1,3,1,60.63,0,2,2,0,70,190
建邺,48976,2,2,1,1,89.84,1,其他,1.5,1,70,440
江宁,24741,3,2,2,1,120.45,0,其他,2,0,70,298
秦淮,34208,4,2,3,3,204.34,0,3,2,1,70,699
秦淮,49705,2,1,3,1,50.7,0,2,2,0,70,252
玄武,56746,3,1,2,1,63.97,0,其他,3,0,70,363
建邺,27699,2,1,3,1,52.35,0,2,2,0,70,145
玄武,26329,2,1,2,1,61.53,0,2,2,0,70,162
鼓楼,42195,3,2,2,1,100.96,0,3,2,0,70,426
秦淮,44951,3,1,1,1,82.09,1,2,2,1,70,369
江宁,21536,3,2,2,1,89.62,0,其他,2,0,70,193
鼓楼,31317,2,1,3,1,56.2,0,其他,3,0,70,176
江宁,24790,3,1,1,2,147.24,0,2,2,0,70,365
秦淮,28254,3,1,2,1,61.94,0,其他,4,1,70,175
江宁,21884,3,2,1,1,141.66,0,其他,2,0,70,310
鼓楼,32036,3,1,2,1,82.72,0,2,3,暂无数据,70,265
秦淮,29243,2,1,2,1,50.27,0,其他,2,0,70,147
江宁,26066,2,1,1,1,79.8,0,2,2,1,70,208
江宁,21127,4,2,1,3,213,0,其他,2,0,70,450
雨花台,37593,2,1,2,1,60.65,1,2,2,0,70,228
浦口,19986,2,1,2,1,67.55,1,2,2,0,70,135
江宁,18094,3,1,3,1,86.77,0,其他,2,1,70,157
江宁,26403,3,2,1,1,124.99,0,3,2,0,70,330
玄武,26581,2,1,2,1,50.79,0,2,2,0,70,135
浦口,21222,3,2,2,1,103.67,1,3,3,1,70,220
栖霞,36976,3,2,2,2,143.34,0,3,3,1,70,530
浦口,24364,3,2,3,1,119.03,0,其他,2,1,70,290
雨花台,29083,3,1,1,1,71.52,0,1,2,0,70,208
江宁,27808,1,1,2,1,37.76,0,其他,14.66666667,1,70,105
玄武,23405,2,1,3,1,68.32,0,其他,2,0,70,159.9
栖霞,32556,2,2,1,1,82.32,0,3,2,1,70,268
江宁,26116,3,1,2,1,88.07,0,其他,2,1,70,230
江宁,21415,3,2,2,1,99,0,其他,2,1,70,212
浦口,25703,3,2,2,1,105.05,0,3,2,1,70,270
建邺,32943,3,1,2,1,98.96,0,其他,2,0,70,326
浦口,20626,3,2,1,1,128.48,0,3,2,1,70,265
浦口,19023,3,2,2,1,119.86,0,3,2,1,70,228
秦淮,37669,2,2,2,1,76.19,0,其他,2,0,70,287
江宁,24983,3,2,3,1,112.08,0,其他,2,0,70,280
玄武,47316,2,1,3,1,45.44,1,3,3,1,70,215
浦口,22105,3,2,1,1,115.36,0,2,2,1,70,255
玄武,38042,3,2,3,1,99.89,0,2,4,0,70,380
江宁,19573,3,2,1,1,89.41,0,其他,2,0,70,175
建邺,39987,4,2,2,1,234.58,0,2,1,1,70,938
雨花台,36146,3,2,1,1,113.43,0,其他,2,1,70,410
江宁,31555,4,2,2,1,126.13,0,其他,1.5,1,70,398
浦口,29044,2,2,3,1,87.8,1,其他,1.5,1,70,255
雨花台,40860,3,2,3,1,122.37,0,3,1.5,1,70,500
玄武,26907,3,1,2,1,76.19,1,其他,2,0,70,205
鼓楼,25074,3,1,2,1,77.77,0,2,3,0,70,195
秦淮,28512,2,1,1,1,62.43,0,2,2,0,70,178
建邺,38625,3,1,3,1,80.26,0,其他,2,0,70,310
浦口,29257,4,2,3,3,128.52,0,其他,4,1,70,376
鼓楼,59340,3,1,3,1,68.42,0,3,3,0,70,406
鼓楼,56055,3,1,2,1,92.41,0,2,2,0,70,518
玄武,25107,4,2,3,2,72.49,0,其他,2,0,70,182
秦淮,28549,2,1,3,1,62.35,1,其他,2,0,70,178
鼓楼,30878,2,1,3,2,71.25,0,其他,1,暂无数据,70,220
浦口,22183,3,2,3,1,118.11,0,3,2,1,70,262
栖霞,26250,2,1,2,1,64,1,2,2,1,70,168
栖霞,29850,4,2,3,2,211.06,1,1,1,1,70,630
建邺,37826,2,1,2,1,76.14,1,其他,2,0,70,288
浦口,24681,3,1,3,1,89.14,0,其他,2,1,70,220
建邺,25937,2,2,3,1,65.16,0,3,2,0,70,169
鼓楼,38691,3,2,1,1,124.06,0,3,1,1,70,480
秦淮,27769,2,1,1,1,59.42,1,其他,4,1,70,165
鼓楼,30592,3,2,2,1,99.7,0,2,2,0,70,305
秦淮,35109,2,1,2,1,50.13,0,2,2,0,70,176
鼓楼,59963,3,1,2,1,79.05,0,3,2,0,70,474
秦淮,25352,4,2,3,2,96.64,1,其他,2,0,70,245
栖霞,33509,3,2,1,1,133.1,0,3,1.5,1,70,446
秦淮,30182,3,1,3,1,64.61,0,3,2,0,70,195
建邺,31520,1,1,2,1,40.61,1,3,4,0,70,128
浦口,20805,3,1,3,1,115.36,1,其他,2,1,70,240
江宁,28858,2,2,1,1,105.69,0,2,2,1,70,305
栖霞,35980,3,2,1,1,129.24,0,其他,2,1,70,465
鼓楼,43989,3,2,3,1,136.4,0,3,2,1,70,600
江宁,18097,3,2,2,1,132.07,0,其他,2,0,70,239
鼓楼,68523,1,1,2,1,45.97,0,其他,5,1,70,315
江宁,18868,3,2,2,1,103.35,0,其他,2,0,70,195
江宁,26719,3,2,1,1,108.54,0,2,2,1,70,290
浦口,22506,3,2,3,1,127.97,1,3,2,1,70,288
江宁,35849,3,2,3,1,93.45,0,其他,2,1,70,335
江宁,28328,2,1,3,1,90.02,0,3,4,1,70,255
鼓楼,33102,3,1,1,1,71.9,0,其他,2,0,70,238
秦淮,36370,3,2,3,1,124.28,0,其他,2,0,70,452
江宁,20367,3,2,3,1,88.38,0,3,2,0,70,180
建邺,33221,4,2,3,3,76.76,0,3,2,0,70,255
浦口,23158,3,1,3,1,113.14,0,其他,3,1,70,262
玄武,36944,2,2,2,1,90.68,0,3,2,0,70,335
江宁,24778,3,2,2,1,119.06,0,其他,2,1,70,295
鼓楼,64124,2,1,1,1,54.27,0,其他,4,0,70,348
浦口,21917,3,2,2,1,118.63,0,其他,2,1,70,260
江宁,29960,3,1,1,1,139.52,0,3,1.5,1,70,418
栖霞,32585,3,2,2,1,85.93,0,其他,2,1,70,280
秦淮,34383,3,2,1,1,107.03,0,其他,2,1,70,368
浦口,21044,4,2,2,1,158.24,1,3,2,1,70,333
雨花台,31830,3,2,2,1,94.88,0,3,2,0,70,302
秦淮,45093,4,2,1,1,141.71,0,其他,2,1,70,639
鼓楼,40000,3,1,2,1,71,1,其他,2,0,70,284
江宁,18070,3,2,2,1,84.12,0,其他,6,1,70,152
江宁,23342,2,2,3,1,89.97,0,其他,2,0,70,210
秦淮,34416,2,1,1,1,66.83,0,3,2,0,70,230
秦淮,45745,3,2,2,1,94,0,2,2,0,70,430
秦淮,35902,2,1,2,1,57.1,0,2,2,0,70,205
浦口,21234,3,2,1,1,124.8,0,3,2,1,70,265
栖霞,31101,3,2,2,1,112.54,1,其他,1.5,1,70,350
江宁,18776,4,2,1,3,245,0,其他,2,0,70,460
栖霞,31353,3,2,3,1,127.58,0,3,2,1,70,400
江宁,25311,3,2,2,1,138.28,0,3,2,1,70,350
栖霞,26340,3,1,3,2,66.44,0,其他,2,0,70,175
栖霞,36047,3,2,1,1,115.96,0,其他,2,1,70,418
秦淮,34277,3,2,2,1,118.45,0,其他,2,1,70,406
江宁,28441,4,2,1,1,154.71,0,其他,1,1,70,440
浦口,25273,3,2,1,1,131.37,0,其他,1,1,70,332
鼓楼,40147,1,1,2,1,43.59,1,2,3,0,70,175
浦口,20685,3,1,1,1,86.54,0,2,3,1,70,179
雨花台,27100,4,2,3,1,135.06,1,3,2,1,70,366
鼓楼,36435,2,1,3,1,53.52,1,2,3,0,70,195
浦口,18974,3,2,1,1,103.83,1,3,3,1,70,197
江宁,21037,2,2,1,1,90.32,0,2,2,1,70,190
江宁,26293,2,1,2,1,89.38,0,其他,50,1,70,235
鼓楼,40878,4,2,2,1,171,0,3,2.5,1,70,699
江宁,16491,3,2,2,1,103.09,1,其他,2,暂无数据,70,170
建邺,32302,3,1,2,1,73.68,0,其他,2,0,70,238
江宁,25854,3,2,2,1,135.38,0,其他,2,1,70,350
鼓楼,32401,3,1,3,1,97.22,1,1,2,1,70,315
雨花台,33704,3,2,1,1,117.2,0,其他,1.5,1,70,395
雨花台,26747,2,1,2,1,72.16,0,3,2,0,70,193
鼓楼,49006,3,2,3,2,141.82,0,1,1.5,1,70,695
鼓楼,39891,3,2,1,1,120.33,1,3,2,0,70,480
浦口,24671,2,2,2,1,106.2,1,2,2,1,70,262
建邺,49075,2,2,3,1,89.66,0,2,1.5,1,70,440
鼓楼,54802,3,2,2,1,125.91,1,其他,2,1,70,690
秦淮,35339,3,2,2,1,133,0,3,2,1,70,470
鼓楼,65015,3,1,2,1,81.52,0,其他,2,0,70,530
浦口,24422,3,2,1,1,95,1,其他,1.333333333,1,70,232
鼓楼,44860,3,2,2,1,107,0,其他,2,1,70,480
江宁,24500,2,1,3,1,84.9,0,其他,2,1,70,208
秦淮,29088,3,1,1,1,84.23,0,其他,2,0,70,245
建邺,36318,3,2,1,1,114.27,0,其他,2,0,70,415
建邺,50929,3,2,2,1,121.74,0,其他,2,1,70,620
江宁,26048,3,2,2,1,136.29,0,其他,2,0,70,355
江宁,20329,5,2,3,2,177.09,1,其他,2,1,70,360
浦口,25332,3,2,2,1,97.9,0,3,2,1,70,248
秦淮,28939,4,2,3,3,128.55,0,其他,2,0,70,372
鼓楼,34374,3,2,2,1,113.17,0,其他,2,1,70,389
秦淮,57989,3,1,2,1,73.98,0,其他,2,0,70,429
秦淮,85093,3,1,2,1,60.64,0,其他,2,1,70,516
江宁,20392,3,2,3,1,112.79,1,其他,2,0,70,230
浦口,22229,3,2,2,1,134.96,0,3,2,1,70,300
浦口,23023,2,1,1,1,70.8,1,2,3,1,70,163
鼓楼,47904,3,2,2,1,115.65,0,3,2,0,70,554
鼓楼,32447,3,2,1,1,121.74,0,2,2,0,70,395
江宁,26260,3,2,1,1,116.15,1,其他,2,1,70,305
雨花台,32311,2,1,3,1,85.42,1,3,1.5,1,70,276
栖霞,37913,3,2,3,1,89.68,1,3,2,1,70,340
秦淮,28467,3,2,1,1,147.54,0,其他,2,1,70,420
江宁,22610,4,2,1,1,163.65,1,其他,2,0,70,370
江宁,28076,2,2,1,1,81.21,0,3,2,1,70,228
江宁,18073,4,2,3,2,130.03,0,其他,2,0,70,235
江宁,21998,4,2,3,2,167.29,0,其他,2,1,70,368
浦口,26010,3,1,3,1,90.35,1,其他,2,1,70,235
浦口,23700,4,2,3,1,86.5,1,其他,2,0,70,205
鼓楼,47895,2,1,1,1,65.77,0,2,2,0,70,315
栖霞,31600,3,2,2,1,110.76,0,3,2,1,70,350
鼓楼,45503,2,1,2,1,75.82,0,1,2,0,70,345
雨花台,32392,2,1,1,1,89.22,1,3,2,1,70,289
浦口,27007,2,2,1,1,94.42,1,2,2,0,70,255
江宁,25079,4,2,1,3,191.4,0,其他,1,0,70,480
玄武,33402,3,2,1,1,127.24,1,其他,2,1,70,425
浦口,21496,3,2,1,1,107,0,其他,2,1,70,230
浦口,23073,3,1,2,1,88.85,1,其他,2,1,70,205
六合,18750,3,2,2,1,104,1,其他,4,暂无数据,70,195
秦淮,32450,3,1,3,1,130.05,0,其他,3.333333333,1,70,422
江宁,27756,2,2,3,1,86.11,0,3,2,0,70,239
浦口,21359,3,1,3,1,119.39,1,3,1,1,70,255
浦口,20629,3,2,3,1,128.46,1,其他,1,1,70,265
江宁,38328,3,2,3,1,140.37,0,其他,1,1,70,538
江宁,20308,3,2,1,1,115.72,0,其他,3,0,70,235
玄武,42249,3,2,3,1,105.33,0,2,2,0,70,445
鼓楼,73119,2,1,3,1,46.5,0,3,2,0,70,340
浦口,22894,3,2,2,1,121.43,0,其他,2,1,70,278
栖霞,30323,3,2,3,1,108.5,0,其他,2,1,70,329
鼓楼,68581,2,1,1,1,62.7,1,其他,2,0,70,430
江宁,22006,3,2,2,1,112.7,1,2,2,1,70,248
江宁,21996,4,2,3,3,217.77,0,2,2,0,70,479
建邺,63086,3,2,2,1,137.59,1,3,1.5,1,70,868
玄武,56091,3,1,3,1,64.36,0,其他,3,0,70,361
秦淮,36610,3,1,2,1,79.16,0,2,3,0,70,289.8
浦口,23327,3,2,3,1,125.18,0,3,4,1,70,292
浦口,24946,3,2,2,1,106.23,0,其他,4,1,70,265
江宁,17299,4,2,2,1,152.04,0,其他,2,0,70,263
六合,19040,3,2,2,1,118.7,1,其他,2,暂无数据,70,226
江宁,25957,3,2,3,1,125.21,0,其他,1.5,1,70,325
建邺,36968,3,2,1,1,137.96,1,其他,2,1,70,510
栖霞,20733,3,1,3,1,86.82,0,其他,2,0,70,180
江宁,23671,3,2,2,1,135.19,0,其他,2,0,70,320
雨花台,24803,3,2,1,1,88.7,0,其他,2,1,70,220
鼓楼,54501,2,1,1,1,56.88,0,2,3,0,70,310
鼓楼,35676,2,1,3,1,63.91,1,2,4,0,70,228
玄武,42363,3,1,3,1,116.85,0,其他,3.5,1,70,495
浦口,19992,3,2,1,1,120.05,0,3,1,1,70,240
江宁,20504,3,2,1,1,90.23,1,3,2,0,70,185
江宁,23115,4,2,3,1,129.79,0,其他,4,1,70,300
江宁,25517,3,2,1,1,88.57,0,其他,2,1,70,226
江宁,20390,3,2,3,1,117.71,0,3,2,0,70,240
建邺,44760,3,2,3,1,110.59,1,1,2,1,70,495
玄武,42864,3,2,3,1,149.31,1,其他,1,1,70,640
鼓楼,51994,4,2,1,1,169.83,0,3,2,0,70,883
江宁,37233,3,2,1,1,85.41,0,3,2.5,1,70,318
江宁,25093,4,2,2,1,157.42,1,1,4,1,70,395
鼓楼,67188,3,1,1,1,96,0,其他,2,0,70,645
鼓楼,61949,3,2,3,1,122.36,0,3,3,1,70,758
栖霞,32957,3,2,2,1,112.27,0,其他,2,1,70,370
浦口,20112,3,2,2,1,129.28,0,3,2,0,70,260
栖霞,22324,3,1,3,1,83.77,0,其他,2,0,70,187
浦口,23521,3,2,1,1,110.54,0,3,4,1,70,260
秦淮,36287,2,2,1,1,92.32,0,其他,2,0,70,335
浦口,27507,3,2,2,1,89.07,0,3,2,0,70,245
江宁,25912,4,2,1,1,117.71,1,其他,4,0,70,305
江宁,24398,6,3,1,2,285.28,0,其他,2,1,70,696
鼓楼,60917,2,1,1,1,62.38,0,2,2,0,70,380
鼓楼,30949,2,1,2,1,66.24,0,2,2,0,70,205
鼓楼,30417,3,2,3,1,101.92,0,其他,2,1,70,310
江宁,20562,3,2,3,1,99.7,0,1,2,1,70,205
江宁,17505,3,2,3,2,128.54,0,3,2,0,70,225
鼓楼,53223,2,1,2,3,57.87,1,其他,50,1,70,308
江宁,20645,4,2,3,1,140.47,0,3,2,0,70,290
鼓楼,63299,3,2,2,1,100.95,0,2,2,0,70,639
栖霞,22194,5,2,3,3,117.15,0,其他,2,0,70,260
秦淮,50018,3,2,1,1,113.96,1,3,2,0,70,570
栖霞,26484,2,1,2,1,64.19,1,2,2,1,70,170
江宁,23727,3,2,地下室 (共11,1,120.12,1,其他,1,1,70,285
鼓楼,26263,3,1,3,1,83.77,0,其他,2,0,70,220
鼓楼,40492,4,2,1,1,140.77,0,2,2,0,70,570
栖霞,32628,3,2,1,1,93.48,0,其他,2,1,70,305
江宁,42188,3,1,2,1,128,0,其他,2,1,70,540
江宁,24021,3,2,3,1,108.24,0,其他,2,1,70,260
秦淮,36998,3,2,2,1,120.82,0,其他,2,0,70,447
江宁,19826,3,2,2,1,98.36,0,其他,2,0,70,195
秦淮,58061,3,1,1,1,66.31,0,其他,2,0,70,385
江宁,20447,4,2,1,1,150.64,0,2,4,1,70,308
江宁,24718,2,2,3,1,84.96,0,2,2,1,70,210
江宁,28748,3,2,2,1,128.01,0,3,2.666666667,1,70,368
建邺,49731,3,2,2,1,124.27,0,其他,2,1,70,618
建邺,37177,3,2,2,1,108.94,0,其他,2,1,70,405
鼓楼,39758,3,2,2,1,121.99,0,其他,1,1,70,485
江宁,29194,3,2,1,1,89.06,0,其他,2,1,70,260
江宁,31824,3,2,1,1,133.55,1,3,3,1,70,425
浦口,21585,3,2,1,1,109.8,1,其他,2,0,70,237
建邺,40629,2,2,2,1,92.3,0,2,2,0,70,375
秦淮,40086,3,2,3,1,79.83,0,其他,50,1,65,320
栖霞,23124,2,1,1,1,63.14,0,其他,2,0,70,146
秦淮,41492,3,1,3,1,97.61,0,2,3,1,70,405
秦淮,51632,3,2,2,1,139.45,0,3,1.5,1,70,720
浦口,25149,3,2,2,1,87.48,0,3,3,1,70,220
浦口,24176,3,2,3,1,91,0,其他,2,1,70,220
江宁,33708,2,1,3,1,71.2,1,其他,2,0,70,240
江宁,23179,2,2,2,1,84.56,1,3,2,1,70,196
秦淮,27785,2,1,3,1,79.9,0,其他,3,1,70,222
江宁,24184,3,2,3,1,108.75,0,3,2,0,70,263
江宁,28083,3,2,2,1,88.31,0,3,2,1,70,248
秦淮,29353,3,1,2,1,64.05,0,3,4,0,70,188
雨花台,22608,3,2,3,1,103.95,0,其他,3.5,1,70,235
建邺,39119,2,2,2,1,84.36,0,其他,2,0,70,330
浦口,28980,2,2,1,暂无数据,93.17,0,3,2,0,70,270
浦口,23108,3,2,3,1,101.7,0,3,2,1,70,235
雨花台,25709,3,2,3,1,87.52,0,3,2,1,70,225
鼓楼,28997,3,1,3,1,79.32,0,其他,2,0,70,230
江宁,22493,5,2,3,2,180.06,0,其他,3,1,70,405
鼓楼,33015,3,2,3,1,82.69,0,3,3,1,70,273
鼓楼,30471,2,1,1,1,54.15,0,2,3,0,70,165
雨花台,30586,3,2,3,1,88.93,0,3,2,1,70,272
雨花台,24174,3,1,3,1,98.87,0,1,1.5,1,70,239
秦淮,31038,3,1,2,1,70.56,0,2,2,0,70,219
建邺,45410,2,1,3,2,70.47,1,其他,2,1,70,320
浦口,21327,3,2,3,1,114.88,0,3,2,1,70,245
江宁,26173,2,2,2,1,89.79,1,3,4,1,70,235
栖霞,20248,3,1,1,1,84.95,0,其他,4,1,70,172
秦淮,49404,2,1,3,1,58.7,0,其他,2,0,70,290
栖霞,34672,6,2,2,2,224.97,0,其他,2,1,70,780
雨花台,37299,3,2,3,1,121.99,1,2,1,1,70,455
江宁,33231,2,2,3,1,65,1,其他,2,0,70,216
秦淮,45761,3,1,1,1,93.53,0,其他,4,1,70,428
浦口,22405,4,1,1,1,137.92,1,其他,2,1,70,309
秦淮,30163,2,1,3,1,58.02,0,3,2,1,70,175
浦口,20400,4,3,3,2,147.06,0,3,2,1,70,300
秦淮,33388,4,2,1,1,134.78,0,2,2,0,70,450
江宁,23181,4,2,2,1,141.5,0,2,2,0,70,328
江宁,26686,4,2,1,1,157.39,0,其他,2,1,70,420
江宁,27249,3,2,2,1,125.51,0,其他,2,0,70,342
浦口,20616,2,2,1,1,89.74,0,1,2,0,70,185
江宁,18708,4,2,3,2,179.07,0,1,1.5,1,70,335
江宁,39056,3,2,2,1,127.51,0,其他,1,1,70,498
栖霞,20267,3,1,3,1,87.83,0,其他,2,1,70,178
浦口,22782,3,2,1,1,87.57,0,1,2,1,70,199.5
江宁,27071,2,2,3,1,105.28,1,其他,2,1,70,285
浦口,23564,3,2,3,1,87,1,3,2,0,70,205
浦口,24111,2,2,2,1,82.95,0,3,2,1,70,200
秦淮,31457,1,1,2,1,39.42,1,2,2,0,70,124
建邺,52053,3,2,3,1,120.07,1,其他,2,1,70,625
栖霞,22112,2,1,3,1,54.27,0,2,3,0,70,120
浦口,25872,3,2,3,1,93.54,1,其他,2,1,70,242
玄武,64460,3,1,3,1,102.39,1,3,1.5,1,70,660
鼓楼,70377,2,1,2,1,52.29,0,其他,3,0,70,368
秦淮,54914,2,1,2,1,51.9,0,2,3,0,70,285
建邺,52003,3,2,3,1,116.34,1,其他,1.5,1,70,605
鼓楼,59782,2,2,3,1,81.63,0,3,2,0,70,488
江宁,23597,3,2,2,1,109.34,0,其他,2,0,70,258
浦口,24067,3,2,2,1,118.42,1,3,2,1,70,285
秦淮,38757,4,2,1,1,121.27,0,其他,2,0,70,470
鼓楼,30577,2,2,2,1,97.46,0,1,2,1,70,298
浦口,27681,3,2,2,1,94.65,0,其他,1.333333333,1,70,262
浦口,20437,2,2,2,1,86.61,0,1,2,1,70,177
江宁,20598,3,1,2,1,86.42,0,3,2,0,70,178
栖霞,29350,2,1,3,1,66.44,0,3,2,0,70,195
秦淮,60655,1,1,1,1,37.59,0,2,4,0,70,228
江宁,36244,3,2,3,1,118.09,1,其他,1.5,1,70,428
雨花台,26659,3,1,3,1,67.52,0,2,2,暂无数据,70,180
玄武,22142,2,2,3,1,74.52,1,3,2,0,70,165
鼓楼,22684,2,1,3,1,67.89,0,2,2,0,70,154
玄武,25769,3,1,1,1,82.66,1,其他,2,0,70,213
江宁,26143,2,1,2,1,82.24,0,其他,2.5,1,70,215
玄武,34328,2,1,3,1,66.42,0,3,2,0,70,228
浦口,17893,3,2,3,1,117.37,1,3,2,1,70,210
江宁,17342,3,2,3,1,95.15,1,3,4,1,70,165
玄武,30126,3,2,2,1,117.84,0,其他,2,1,70,355
浦口,30642,2,2,3,1,83.22,0,其他,1.5,1,70,255
玄武,76658,2,1,3,1,52.05,0,3,2,0,70,399
浦口,21128,3,2,2,1,106.97,0,1,2,1,70,226
江宁,21588,3,2,3,1,145.92,0,其他,2,0,70,315
建邺,62455,2,2,3,1,96.07,0,其他,2,1,70,600
浦口,22909,2,2,1,1,72.9,0,3,3,1,70,167
江宁,28515,2,2,3,1,101,0,3,2,1,70,288
浦口,24478,3,2,1,1,89.88,1,其他,2,1,70,220
江宁,32202,2,2,2,1,91.92,0,2,2,0,70,296
建邺,27839,2,2,3,1,68.25,0,其他,2,0,70,190
秦淮,28508,2,1,2,1,57.88,0,其他,2,0,70,165
栖霞,25336,3,1,2,1,72.23,1,2,2,0,70,183
玄武,37345,4,2,3,1,131.21,0,其他,2,0,70,490
玄武,48099,2,1,1,1,44.7,1,2,3,1,70,215
鼓楼,28917,2,1,3,1,60.52,0,2,3,0,70,175
浦口,21957,3,2,3,1,107.03,0,其他,2,1,70,235
浦口,22188,2,2,2,1,96.9,0,2,2,1,70,215
建邺,32626,2,1,3,1,63.14,0,1,4,1,70,206
江宁,28342,2,2,2,1,84.33,0,其他,2,0,70,239
浦口,25782,3,2,3,1,103.95,0,其他,2,1,70,268
栖霞,29946,3,2,1,1,110.2,0,其他,2,1,70,330
建邺,31523,2,2,2,1,78.99,1,3,2,0,70,249
鼓楼,25528,3,1,2,1,72.47,0,2,2,0,70,185
建邺,29548,3,1,1,1,62.95,0,其他,2,0,70,186
秦淮,29412,2,1,2,1,57.8,0,2,2,0,70,170
秦淮,30329,3,2,1,1,105.51,0,其他,2,1,70,320
玄武,23589,3,1,3,1,72.07,0,其他,3,0,70,170
浦口,20804,3,2,3,1,124.98,1,2,2,1,70,260
江宁,18675,3,2,3,1,117.81,0,其他,2,0,70,220
鼓楼,42860,2,1,3,1,61.13,0,2,4,0,70,262
雨花台,35729,3,2,1,1,98.52,0,2,2,0,70,352
浦口,26181,3,2,2,1,89.76,0,2,2,1,70,235
浦口,25126,1,2,1,1,65.67,1,2,3,1,70,165
浦口,22030,3,2,1,1,122.11,0,其他,2,1,70,269
建邺,40736,3,2,3,1,143.61,0,2,2,1,70,585
浦口,28130,3,2,2,1,127.98,0,其他,1.5,1,70,360
鼓楼,27796,3,1,2,1,93.54,0,2,2,1,70,260
鼓楼,37072,3,1,3,1,161.85,0,3,1.333333333,1,70,600
鼓楼,56716,2,1,3,1,77.58,0,2,2,0,70,440
建邺,29569,2,1,1,1,58.17,1,其他,4,0,70,172
鼓楼,38278,4,2,2,1,209,0,其他,1.5,1,70,800
六合,16757,2,2,3,1,74,1,其他,2,0,70,124
玄武,23428,2,1,3,1,69.15,0,2,2,0,70,162
鼓楼,44721,2,2,3,1,59.48,0,其他,2,0,70,266
江宁,23852,2,2,1,1,91.4,0,2,2,1,70,218
玄武,32705,3,1,2,1,91.73,0,3,4,1,70,300
江宁,23813,2,2,2,1,88.19,0,3,2,0,70,210
浦口,23944,3,2,1,1,108.59,0,其他,2,1,70,260
建邺,27210,1,1,3,1,38.59,1,1,3,0,70,105
栖霞,34282,3,2,1,1,128.35,1,其他,1,1,70,440
浦口,20157,2,2,1,1,90.79,0,2,2,0,70,183
江宁,25548,4,2,3,1,137,1,1,3,1,70,350
江宁,31011,4,2,2,1,156.4,0,其他,2,1,70,485
浦口,22086,3,2,1,1,122.25,0,2,2,1,70,270
浦口,22254,2,2,1,1,91.22,0,3,2,1,70,203
江宁,21648,3,2,3,1,106.25,0,其他,2,1,70,230
鼓楼,59777,3,1,2,1,86.99,1,3,2,1,70,520
玄武,32755,3,2,1,1,109.91,0,3,2,1,70,360
江宁,20934,3,2,1,1,87.42,0,3,2,1,70,183
鼓楼,32284,2,1,3,1,63.5,0,2,2,0,70,205
栖霞,27893,2,2,2,1,82.46,1,其他,2,0,70,230
玄武,80776,2,1,2,1,49.52,0,其他,4,0,70,400
浦口,23626,2,1,2,1,80.42,0,3,3,1,70,190
鼓楼,32489,3,2,3,1,76.95,0,其他,2,0,70,250
江宁,22379,4,2,1,1,136.29,0,其他,2,0,70,305
秦淮,24409,2,1,3,1,67.6,0,2,2,0,70,165
鼓楼,24757,2,1,3,1,68.67,0,其他,2,0,70,170
秦淮,28581,2,1,2,1,63.68,0,1,2,1,70,182
秦淮,32331,3,2,2,1,106.71,0,其他,2,1,70,345
江宁,29022,3,2,3,1,96.48,0,3,1,1,70,280
鼓楼,30625,2,1,3,1,60.41,0,2,2,0,70,185
鼓楼,72525,1,1,2,1,47.57,1,2,4,0,70,345
玄武,30239,2,1,2,1,56.22,0,2,2,0,70,170
秦淮,45093,4,2,1,1,141.71,0,其他,2,1,70,639
鼓楼,40610,3,1,2,1,68.95,0,2,2,暂无数据,70,280
秦淮,63531,2,2,3,暂无数据,73.98,1,2,4,1,70,470
浦口,25626,3,2,1,1,119.02,1,3,2,1,70,305
建邺,24737,2,1,3,1,76,0,2,2,0,70,188
秦淮,31288,2,1,2,1,49.86,1,其他,3,0,70,156
江宁,21156,2,1,1,1,84.61,0,其他,2,0,70,179
江宁,18280,3,2,1,1,87.53,1,3,2,1,70,160
秦淮,32149,4,2,3,2,167.35,1,2,2,0,70,538
鼓楼,27255,1,1,2,1,44.03,1,3,3,1,70,120
建邺,53679,3,2,1,1,133.76,0,3,2,1,70,718
浦口,27310,2,2,1,1,87.88,0,其他,2,1,70,240
鼓楼,42687,2,2,3,1,76.84,0,2,2,0,70,328
浦口,16221,5,2,3,2,212.7,0,2,3,1,70,345
江宁,26883,3,2,2,1,97.46,0,1,2,1,70,262
栖霞,25501,3,1,1,1,78.43,0,2,2,0,70,200
鼓楼,55720,4,2,2,1,145.37,0,3,2,0,70,810
雨花台,34521,2,2,2,1,83.14,1,3,2,1,70,287
鼓楼,76435,3,2,2,1,92.89,0,其他,2,0,70,710
栖霞,27336,3,2,3,1,93.65,1,3,2,0,70,256
浦口,24332,3,2,2,1,121.24,0,3,2,1,70,295
建邺,37077,4,2,1,1,237.35,0,1,1,1,70,880
秦淮,29580,2,1,1,1,50.71,0,3,3,0,70,150
栖霞,26589,3,2,3,1,100.42,0,3,2,0,70,267
江宁,25812,3,2,2,1,138.7,0,3,2,0,70,358
浦口,27281,2,2,2,1,85.41,1,1,1.5,1,70,233
栖霞,29003,2,1,1,1,96.2,1,3,2,0,70,279
秦淮,43824,2,1,1,1,73.02,0,2,5,1,70,320
浦口,21140,3,2,1,1,139.55,0,3,2,1,70,295
建邺,22483,2,1,3,1,73.39,0,2,2,0,70,165
浦口,27957,2,2,2,1,96.58,1,3,2,1,70,270
建邺,37636,3,2,1,1,108.94,0,3,2,1,70,410
浦口,21967,3,2,2,1,118.36,0,2,2,1,70,260
雨花台,26712,3,2,1,1,119.8,0,3,2,1,70,320
秦淮,28910,2,1,2,1,68.49,0,1,4,1,70,198
浦口,28990,4,4,3,3,155.23,1,3,2,0,70,450
玄武,29769,1,1,1,1,45.35,0,其他,2,0,70,135
江宁,28696,2,2,1,1,82.94,1,3,1.5,1,70,238
浦口,21263,2,2,3,1,92.65,0,2,2,1,70,197
玄武,29146,1,1,1,1,49.75,0,其他,50,1,70,145
鼓楼,62251,2,1,1,1,62.65,0,2,2,0,70,390
